quiz_title,category,tags,question_text,options,correct_answer,difficulty_levels
Python Data Structures,Programming,"python,data-structures",What is the key difference between a list and a tuple in Python?,"[""Lists are mutable; tuples are immutable"", ""Lists can hold strings; tuples can only hold numbers"", ""Tuples are faster for all operations"", ""Lists use {} syntax; tuples use [] syntax""]",Lists are mutable; tuples are immutable,"[""easy""]"
Python Data Structures,Programming,"python,data-structures",What is the time complexity of accessing a dictionary value by key?,"[""O(1) average case"", ""O(n)"", ""O(log n)"", ""O(n^2)""]",O(1) average case,"[""medium""]"
Python Data Structures,Programming,"python,data-structures",What does the set data type guarantee about its elements?,"[""All elements are unique (no duplicates)"", ""Elements are always sorted"", ""Elements maintain insertion order"", ""Elements are always strings""]",All elements are unique (no duplicates),"[""easy""]"
Python Data Structures,Programming,"python,data-structures",What is a list comprehension in Python?,"[""A concise syntax for creating lists: [expression for item in iterable]"", ""A way to sort lists alphabetically"", ""A method that compresses list data"", ""A tool for comparing two lists""]",A concise syntax for creating lists: [expression for item in iterable],"[""easy""]"
Python Data Structures,Programming,"python,data-structures",Python dictionaries maintain insertion order (Python 3.7+).,"[""True"", ""False""]",True,"[""medium""]"
Python Data Structures,Programming,"python,data-structures",What is the difference between .append() and .extend() for lists?,"[""append() adds one element; extend() adds each element from an iterable"", ""append() adds to the end; extend() adds to the beginning"", ""extend() is faster than append()"", ""They do the same thing""]",append() adds one element; extend() adds each element from an iterable,"[""medium""]"
Python Data Structures,Programming,"python,data-structures",What does collections.defaultdict do?,"[""Provides a default value for missing keys instead of raising KeyError"", ""Sorts dictionary keys by default"", ""Limits dictionary size to a default maximum"", ""Creates a read-only dictionary with defaults""]",Provides a default value for missing keys instead of raising KeyError,"[""hard""]"
Python Data Structures,Programming,"python,data-structures",What is the difference between a shallow copy and a deep copy of a list?,"[""Shallow copy shares nested references; deep copy recursively duplicates all nested objects"", ""Shallow copy is faster; deep copy produces the same result"", ""Deep copy only works with dictionaries"", ""Shallow copy creates a string representation; deep copy creates a binary one""]",Shallow copy shares nested references; deep copy recursively duplicates all nested objects,"[""hard""]"
CSS & HTML Mastery,CSS/HTML,"css,html,frontend,web",What is the CSS box model?,"[""Content, padding, border, and margin layers around every element"", ""A layout system for creating grid designs"", ""A method for centering elements horizontally"", ""The hierarchy of CSS selectors""]","Content, padding, border, and margin layers around every element","[""easy""]"
CSS & HTML Mastery,CSS/HTML,"css,html,frontend,web",What does 'display: flex' do?,"[""Creates a flex container for one-dimensional layout of child elements"", ""Makes the element flexible in size only"", ""Creates a two-dimensional grid layout"", ""Makes the element invisible but keeps its space""]",Creates a flex container for one-dimensional layout of child elements,"[""easy""]"
CSS & HTML Mastery,CSS/HTML,"css,html,frontend,web",What is CSS specificity and how is it calculated?,"[""A weight system: inline > IDs > classes/attributes > elements, determining which rule wins"", ""The order in which CSS files are loaded"", ""The number of properties in a CSS rule"", ""How fast a CSS rule is processed by the browser""]","A weight system: inline > IDs > classes/attributes > elements, determining which rule wins","[""hard""]"
CSS & HTML Mastery,CSS/HTML,"css,html,frontend,web",What is the difference between 'em' and 'rem' units in CSS?,"[""em is relative to the parent's font size; rem is relative to the root element's font size"", ""em is for margins; rem is for fonts"", ""rem is a newer version of em with the same behavior"", ""em is absolute; rem is relative""]",em is relative to the parent's font size; rem is relative to the root element's font size,"[""medium""]"
CSS & HTML Mastery,CSS/HTML,"css,html,frontend,web",What is semantic HTML?,"[""Using HTML elements that convey the meaning and structure of content"", ""Writing HTML that passes W3C validation"", ""Using only div and span elements"", ""Adding comments to explain HTML code""]",Using HTML elements that convey the meaning and structure of content,"[""easy""]"
CSS & HTML Mastery,CSS/HTML,"css,html,frontend,web",CSS Grid is designed for two-dimensional layouts while Flexbox is for one-dimensional layouts.,"[""True"", ""False""]",True,"[""medium""]"
CSS & HTML Mastery,CSS/HTML,"css,html,frontend,web",What does the 'position: sticky' property do?,"[""Element scrolls normally until reaching a threshold, then becomes fixed in place"", ""Element is always fixed to the viewport"", ""Element stays in its normal document flow position"", ""Element is removed from the document flow""]","Element scrolls normally until reaching a threshold, then becomes fixed in place","[""medium""]"
CSS & HTML Mastery,CSS/HTML,"css,html,frontend,web",What is the purpose of the 'alt' attribute on images?,"[""Provides alternative text for accessibility and when images fail to load"", ""Sets the image resolution"", ""Defines the image file format"", ""Specifies hover text for the image""]",Provides alternative text for accessibility and when images fail to load,"[""easy""]"
CSS & HTML Mastery,CSS/HTML,"css,html,frontend,web",What is a CSS media query used for?,"[""Applying styles conditionally based on device characteristics like screen width"", ""Querying a database from CSS"", ""Loading external media files like videos"", ""Optimizing images for different devices""]",Applying styles conditionally based on device characteristics like screen width,"[""easy""]"
CSS & HTML Mastery,CSS/HTML,"css,html,frontend,web",What is the z-index property and how does it work?,"[""Controls the visual stacking order of positioned elements along the z-axis"", ""Sets the zoom level of an element"", ""Controls the transparency of an element"", ""Defines the element's position in the DOM""]",Controls the visual stacking order of positioned elements along the z-axis,"[""medium""]"
TypeScript Advanced Types,TypeScript,"typescript,types,generics",What is the difference between 'interface' and 'type' in TypeScript?,"[""Interfaces support declaration merging; types support unions, intersections, and advanced type manipulation"", ""They are completely identical"", ""Interfaces are for classes only; types are for objects"", ""Types are deprecated in favor of interfaces""]","Interfaces support declaration merging; types support unions, intersections, and advanced type manipulation","[""medium""]"
TypeScript Advanced Types,TypeScript,"typescript,types,generics",What is a generic type in TypeScript?,"[""A type parameter that allows creating reusable components working with multiple types while preserving type safety"", ""A type that can hold any value, similar to 'any'"", ""A built-in TypeScript type for generic objects"", ""A type that is automatically inferred by the compiler""]",A type parameter that allows creating reusable components working with multiple types while preserving type safety,"[""medium""]"
TypeScript Advanced Types,TypeScript,"typescript,types,generics",What is the 'unknown' type and how does it differ from 'any'?,"[""unknown requires type narrowing before use; any bypasses all type checking"", ""unknown is for null values; any is for undefined values"", ""They are identical but unknown is newer"", ""any is type-safe; unknown is not""]",unknown requires type narrowing before use; any bypasses all type checking,"[""hard""]"
TypeScript Advanced Types,TypeScript,"typescript,types,generics",What is a conditional type in TypeScript?,"[""A type that selects between two types based on whether a type extends another: T extends U ? X : Y"", ""A type that changes at runtime based on conditions"", ""A type that only exists in if/else blocks"", ""A type for optional properties""]",A type that selects between two types based on whether a type extends another: T extends U ? X : Y,"[""expert""]"
TypeScript Advanced Types,TypeScript,"typescript,types,generics",What does the 'keyof' operator do?,"[""Produces a union type of all property keys (names) of an object type"", ""Returns the key count of an object"", ""Creates a new object with only the specified keys"", ""Checks if a key exists on an object at runtime""]",Produces a union type of all property keys (names) of an object type,"[""medium""]"
TypeScript Advanced Types,TypeScript,"typescript,types,generics",TypeScript types are erased during compilation and have no runtime cost.,"[""True"", ""False""]",True,"[""medium""]"
TypeScript Advanced Types,TypeScript,"typescript,types,generics",What is a mapped type in TypeScript?,"[""A type that transforms properties of an existing type using [P in keyof T] syntax"", ""A type that maps array elements to a new type"", ""A type for JavaScript Map objects"", ""A type that creates a mapping between two interfaces""]",A type that transforms properties of an existing type using [P in keyof T] syntax,"[""hard""]"
TypeScript Advanced Types,TypeScript,"typescript,types,generics",What is the 'never' type used for in TypeScript?,"[""Represents values that never occur: unreachable code, exhaustive checks, and impossible types"", ""Represents null or undefined values"", ""A type for empty arrays"", ""A type that disables type checking for a variable""]","Represents values that never occur: unreachable code, exhaustive checks, and impossible types","[""hard""]"
TypeScript Advanced Types,TypeScript,"typescript,types,generics",What is a discriminated union in TypeScript?,"[""A union of types sharing a common literal property used for type narrowing"", ""A union type that excludes certain values"", ""A type that discriminates between null and undefined"", ""An enum with string values""]",A union of types sharing a common literal property used for type narrowing,"[""hard""]"
TypeScript Advanced Types,TypeScript,"typescript,types,generics",What does the 'infer' keyword do in conditional types?,"[""Declares a type variable within a conditional type's extends clause for TypeScript to infer"", ""Forces TypeScript to infer all types in a file automatically"", ""Infers the runtime type of a variable"", ""Creates an inference rule for the compiler""]",Declares a type variable within a conditional type's extends clause for TypeScript to infer,"[""expert""]"
Linux Command Line Mastery,DevOps/Cloud,"linux,command-line,bash,sysadmin",What does the command 'chmod 755 file.sh' do?,"[""Sets permissions: owner rwx, group r-x, others r-x"", ""Makes the file read-only for everyone"", ""Deletes the file permanently"", ""Changes the file owner to user 755""]","Sets permissions: owner rwx, group r-x, others r-x","[""medium""]"
Linux Command Line Mastery,DevOps/Cloud,"linux,command-line,bash,sysadmin",What does the pipe operator (|) do in Linux?,"[""Passes the output of one command as input to the next command"", ""Runs two commands simultaneously"", ""Redirects output to a file"", ""Creates a symbolic link between commands""]",Passes the output of one command as input to the next command,"[""easy""]"
Linux Command Line Mastery,DevOps/Cloud,"linux,command-line,bash,sysadmin",What is the difference between a hard link and a symbolic link?,"[""Hard links point to the inode directly; symbolic links point to the file path and can cross filesystems"", ""Hard links are for files; symbolic links are for directories only"", ""They are the same but with different names"", ""Symbolic links are faster; hard links are more secure""]",Hard links point to the inode directly; symbolic links point to the file path and can cross filesystems,"[""hard""]"
Linux Command Line Mastery,DevOps/Cloud,"linux,command-line,bash,sysadmin",What command displays currently running processes?,"[""ps (with variations like ps aux for all processes)"", ""dir"", ""proc"", ""run""]",ps (with variations like ps aux for all processes),"[""easy""]"
Linux Command Line Mastery,DevOps/Cloud,"linux,command-line,bash,sysadmin","In Linux, everything is treated as a file.","[""True"", ""False""]",True,"[""medium""]"
Linux Command Line Mastery,DevOps/Cloud,"linux,command-line,bash,sysadmin",What does the 'grep' command do?,"[""Searches for text patterns (regular expressions) in files or input"", ""Compresses files using the GREP algorithm"", ""Groups files by type"", ""Generates reports on file system usage""]",Searches for text patterns (regular expressions) in files or input,"[""easy""]"
Linux Command Line Mastery,DevOps/Cloud,"linux,command-line,bash,sysadmin",What is the purpose of the /etc directory?,"[""Stores system-wide configuration files"", ""Contains temporary files"", ""Stores user home directories"", ""Contains installed application binaries""]",Stores system-wide configuration files,"[""medium""]"
Linux Command Line Mastery,DevOps/Cloud,"linux,command-line,bash,sysadmin",What does 'sudo' stand for and what does it do?,"[""Superuser Do: executes a command with elevated (root) privileges"", ""System Utility for Disk Operations"", ""Secure User Data Output"", ""Switch User Directory Options""]",Superuser Do: executes a command with elevated (root) privileges,"[""easy""]"
DevOps & Cloud Essentials,DevOps/Cloud,"devops,cloud,kubernetes,cicd",What is CI/CD and why is it important?,"[""Continuous Integration and Continuous Delivery: automating build, test, and deployment pipelines"", ""Code Inspection and Code Debugging: manual review processes"", ""Container Integration and Container Deployment: Docker-specific workflows"", ""Cloud Infrastructure and Cloud Distribution: cloud provider tools""]","Continuous Integration and Continuous Delivery: automating build, test, and deployment pipelines","[""easy""]"
DevOps & Cloud Essentials,DevOps/Cloud,"devops,cloud,kubernetes,cicd",What is Kubernetes and what problem does it solve?,"[""A container orchestration platform that automates deployment, scaling, and management of containerized apps"", ""A container runtime that replaces Docker"", ""A cloud provider like AWS or Azure"", ""A programming language for infrastructure""]","A container orchestration platform that automates deployment, scaling, and management of containerized apps","[""medium""]"
DevOps & Cloud Essentials,DevOps/Cloud,"devops,cloud,kubernetes,cicd",What is Infrastructure as Code (IaC)?,"[""Managing infrastructure through version-controlled configuration files instead of manual setup"", ""Writing code that runs on infrastructure"", ""Converting infrastructure diagrams to documentation"", ""Coding directly on production servers""]",Managing infrastructure through version-controlled configuration files instead of manual setup,"[""medium""]"
DevOps & Cloud Essentials,DevOps/Cloud,"devops,cloud,kubernetes,cicd",What are the three main cloud service models?,"[""IaaS (Infrastructure), PaaS (Platform), and SaaS (Software) as a Service"", ""Public, Private, and Hybrid cloud"", ""Compute, Storage, and Networking"", ""Development, Staging, and Production""]","IaaS (Infrastructure), PaaS (Platform), and SaaS (Software) as a Service","[""easy""]"
DevOps & Cloud Essentials,DevOps/Cloud,"devops,cloud,kubernetes,cicd",What is a Kubernetes Pod?,"[""The smallest deployable unit: one or more containers sharing network and storage"", ""A virtual machine running in the cluster"", ""A namespace for organizing resources"", ""A network policy for container communication""]",The smallest deployable unit: one or more containers sharing network and storage,"[""hard""]"
DevOps & Cloud Essentials,DevOps/Cloud,"devops,cloud,kubernetes,cicd",Terraform is a cloud-specific IaC tool that only works with AWS.,"[""True"", ""False""]",False,"[""easy""]"
DevOps & Cloud Essentials,DevOps/Cloud,"devops,cloud,kubernetes,cicd",What is a blue-green deployment?,"[""Running two identical environments and switching traffic to the new version for zero-downtime releases"", ""Deploying to development (blue) and production (green) simultaneously"", ""Color-coding logs by environment"", ""Running tests in parallel on two different machines""]",Running two identical environments and switching traffic to the new version for zero-downtime releases,"[""hard""]"
DevOps & Cloud Essentials,DevOps/Cloud,"devops,cloud,kubernetes,cicd",What is the purpose of a service mesh in microservices architecture?,"[""A dedicated infrastructure layer handling inter-service communication, security, and observability"", ""A network of physical servers connected by mesh topology"", ""A tool for creating service documentation"", ""A database replication mechanism""]","A dedicated infrastructure layer handling inter-service communication, security, and observability","[""expert""]"
Docker Interview Questions,DevOps,"docker,containers,devops",What is the difference between CMD and ENTRYPOINT in a Dockerfile?,"[""CMD provides defaults that can be overridden; ENTRYPOINT configures the container's main executable"", ""They are exactly the same"", ""CMD runs at build time; ENTRYPOINT runs at container start"", ""ENTRYPOINT is deprecated in favor of CMD""]",CMD provides defaults that can be overridden; ENTRYPOINT configures the container's main executable,"[""medium""]"
Docker Interview Questions,DevOps,"docker,containers,devops",What is a Docker volume and why is it used?,"[""A mechanism for persisting data outside the container's writable layer, managed by Docker"", ""A way to increase the container's memory"", ""A network configuration file"", ""A container's CPU allocation setting""]","A mechanism for persisting data outside the container's writable layer, managed by Docker","[""easy""]"
Docker Interview Questions,DevOps,"docker,containers,devops",What is the difference between COPY and ADD in a Dockerfile?,"[""COPY only copies local files; ADD also supports tar extraction and remote URLs"", ""ADD is faster than COPY"", ""COPY works with directories; ADD only works with files"", ""There is no difference""]",COPY only copies local files; ADD also supports tar extraction and remote URLs,"[""medium""]"
Docker Interview Questions,DevOps,"docker,containers,devops",What is a Docker image layer?,"[""A read-only filesystem created by each Dockerfile instruction, cached and shared between images"", ""A running container instance"", ""A Docker network configuration"", ""A security permission level""]","A read-only filesystem created by each Dockerfile instruction, cached and shared between images","[""medium""]"
Docker Interview Questions,DevOps,"docker,containers,devops",Containers share the host OS kernel.,"[""True"", ""False""]",True,"[""easy""]"
Docker Interview Questions,DevOps,"docker,containers,devops",What is Docker Compose used for?,"[""Defining and running multi-container applications with a YAML configuration"", ""Building Docker images from source code"", ""Managing Docker Hub repositories"", ""Monitoring container resource usage""]",Defining and running multi-container applications with a YAML configuration,"[""easy""]"
Docker Interview Questions,DevOps,"docker,containers,devops",What is the purpose of a .dockerignore file?,"[""Excludes files from the build context to improve performance and security"", ""Lists containers that should not be started"", ""Specifies images that should not be pulled"", ""Defines environment variables to ignore""]",Excludes files from the build context to improve performance and security,"[""easy""]"
Docker Interview Questions,DevOps,"docker,containers,devops",What is the difference between docker stop and docker kill?,"[""stop sends SIGTERM for graceful shutdown; kill sends SIGKILL immediately"", ""stop pauses the container; kill removes it"", ""They are identical commands"", ""stop works on running containers; kill works on stopped containers""]",stop sends SIGTERM for graceful shutdown; kill sends SIGKILL immediately,"[""medium""]"
Docker Interview Questions,DevOps,"docker,containers,devops",What is a multi-stage build in Docker?,"[""Using multiple FROM statements to create smaller final images by copying only needed artifacts between stages"", ""Building multiple Docker images simultaneously"", ""Running multiple commands in a single RUN instruction"", ""Deploying to multiple environments at once""]",Using multiple FROM statements to create smaller final images by copying only needed artifacts between stages,"[""hard""]"
Docker Interview Questions,DevOps,"docker,containers,devops",What networking mode gives a container full access to the host's network stack?,"[""host"", ""bridge"", ""overlay"", ""none""]",host,"[""hard""]"
Cybersecurity Fundamentals,Cybersecurity,"cybersecurity,security,encryption,networking",What is the difference between symmetric and asymmetric encryption?,"[""Symmetric uses one shared key; asymmetric uses a public/private key pair"", ""Symmetric is for files; asymmetric is for messages"", ""Symmetric is newer and more secure"", ""They are the same but with different key lengths""]",Symmetric uses one shared key; asymmetric uses a public/private key pair,"[""medium""]"
Cybersecurity Fundamentals,Cybersecurity,"cybersecurity,security,encryption,networking",What is a SQL injection attack?,"[""Inserting malicious SQL code through input fields to manipulate database queries"", ""Overloading a database with too many queries"", ""Stealing SQL source code from a server"", ""Encrypting database tables without authorization""]",Inserting malicious SQL code through input fields to manipulate database queries,"[""medium""]"
Cybersecurity Fundamentals,Cybersecurity,"cybersecurity,security,encryption,networking",What is the CIA triad in cybersecurity?,"[""Confidentiality, Integrity, and Availability"", ""Cryptography, Identity, and Access"", ""Control, Inspection, and Authentication"", ""Classification, Investigation, and Authorization""]","Confidentiality, Integrity, and Availability","[""easy""]"
Cybersecurity Fundamentals,Cybersecurity,"cybersecurity,security,encryption,networking",What is a phishing attack?,"[""A social engineering attack using deceptive communications to steal sensitive information"", ""A technique for bypassing firewalls"", ""A method for cracking passwords using brute force"", ""An attack that floods a server with traffic""]",A social engineering attack using deceptive communications to steal sensitive information,"[""easy""]"
Cybersecurity Fundamentals,Cybersecurity,"cybersecurity,security,encryption,networking",HTTPS encrypts data in transit between the browser and server.,"[""True"", ""False""]",True,"[""easy""]"
Cybersecurity Fundamentals,Cybersecurity,"cybersecurity,security,encryption,networking",What is a DDoS attack?,"[""Overwhelming a target with massive traffic from distributed sources to cause unavailability"", ""Stealing distributed data from multiple databases"", ""Distributing malware across a network"", ""Decrypting data distributed across servers""]",Overwhelming a target with massive traffic from distributed sources to cause unavailability,"[""medium""]"
Cybersecurity Fundamentals,Cybersecurity,"cybersecurity,security,encryption,networking",What is multi-factor authentication (MFA)?,"[""Requiring two or more verification factors: something you know, have, or are"", ""Using multiple passwords for the same account"", ""Encrypting authentication tokens multiple times"", ""Authenticating with multiple servers simultaneously""]","Requiring two or more verification factors: something you know, have, or are","[""easy""]"
Cybersecurity Fundamentals,Cybersecurity,"cybersecurity,security,encryption,networking",What is the principle of least privilege?,"[""Granting only the minimum access rights necessary to perform a specific function"", ""Giving all users the same basic privileges"", ""Removing all privileges by default"", ""Granting full access but monitoring usage""]",Granting only the minimum access rights necessary to perform a specific function,"[""medium""]"
Cybersecurity Fundamentals,Cybersecurity,"cybersecurity,security,encryption,networking",What is a zero-day vulnerability?,"[""A security flaw unknown to the vendor with no available patch"", ""A vulnerability that was found and fixed on the same day"", ""An attack that happens at midnight"", ""A vulnerability with zero impact rating""]",A security flaw unknown to the vendor with no available patch,"[""hard""]"
Cybersecurity Fundamentals,Cybersecurity,"cybersecurity,security,encryption,networking",What is Cross-Site Scripting (XSS)?,"[""Injecting malicious scripts into web pages that execute in other users' browsers"", ""Scripting attacks between different websites"", ""Creating cross-platform scripts that exploit OS differences"", ""A technique for bypassing same-origin policy""]",Injecting malicious scripts into web pages that execute in other users' browsers,"[""hard""]"
JavaScript Interview Questions,Programming,"javascript,interview",What is the difference between '==' and '===' in JavaScript?,"[""'==' compares values with type coercion, '===' compares values and types without coercion"", ""'===' compares values with type coercion, '==' compares values and types without coercion"", ""They are identical in behavior"", ""'===' is used only for string comparisons""]","'==' compares values with type coercion, '===' compares values and types without coercion","[""medium""]"
JavaScript Interview Questions,Programming,"javascript,interview",What will `console.log(typeof NaN)` output?,"[""\""number\"""", ""\""NaN\"""", ""\""undefined\"""", ""\""object\""""]","""number""","[""medium""]"
JavaScript Interview Questions,Programming,"javascript,interview",What is a closure in JavaScript?,"[""A function that retains access to its outer (lexical) scope even after the outer function has returned"", ""A function that is immediately invoked after definition"", ""A method to close browser windows via script"", ""A way to make variables private using the 'private' keyword""]",A function that retains access to its outer (lexical) scope even after the outer function has returned,"[""medium""]"
JavaScript Interview Questions,Programming,"javascript,interview",Event delegation in JavaScript relies on event bubbling.,"[""True"", ""False""]",True,"[""medium""]"
Python Basics,Programming,"python,beginner",Python uses indentation to define code blocks instead of curly braces.,"[""True"", ""False""]",True,"[""easy""]"
Python Basics,Programming,"python,beginner",Which of the following creates a dictionary in Python?,"[""{\""key\"": \""value\""}"", ""[\""key\"": \""value\""]"", ""(\""key\"": \""value\"")""]","{""key"": ""value""}","[""easy""]"
Python Basics,Programming,"python,beginner",Python is named after a TV show,"[""True"", ""False""]",True,"[""easy""]"
Python Basics,Programming,"python,beginner",Python was started as a hobby project,"[""True"", ""False""]",True,"[""easy""]"
SQL Interview Questions,Database,"sql,database",What is the difference between INNER JOIN and LEFT JOIN?,"[""INNER JOIN returns only matching rows from both tables; LEFT JOIN returns all rows from the left table and matching rows from the right"", ""LEFT JOIN is faster than INNER JOIN"", ""INNER JOIN works on multiple tables; LEFT JOIN works only on two"", ""They produce identical results in all cases""]",INNER JOIN returns only matching rows from both tables; LEFT JOIN returns all rows from the left table and matching rows from the right,"[""medium""]"
SQL Interview Questions,Database,"sql,database",What does the HAVING clause do in SQL?,"[""Creates a temporary table for the query"", ""Filters grouped results after GROUP BY, similar to WHERE but for aggregate functions"", ""Orders the result set in ascending order"", ""Limits the number of rows returned""]","Filters grouped results after GROUP BY, similar to WHERE but for aggregate functions","[""medium""]"
SQL Interview Questions,Database,"sql,database","A database index speeds up read queries but can slow down write operations (INSERT, UPDATE, DELETE).","[""True"", ""False""]",True,"[""medium""]"
MongoDB Fundamentals,Database,"mongodb,nosql",How does MongoDB store data?,"[""As BSON (Binary JSON) documents in collections"", ""As rows in relational tables"", ""As key-value pairs in a flat structure"", ""As XML files on disk""]",As BSON (Binary JSON) documents in collections,"[""medium""]"
MongoDB Fundamentals,Database,"mongodb,nosql",Which aggregation stage in MongoDB is used to filter documents?,"[""$match"", ""$group"", ""$project"", ""$sort""]",$match,"[""medium""]"
MongoDB Fundamentals,Database,"mongodb,nosql",MongoDB requires a predefined schema for all documents in a collection.,"[""True"", ""False""]",False,"[""medium""]"
React Interview Questions,Programming,"react,interview,frontend",What is the primary purpose of the useEffect cleanup function?,"[""To clean up side effects like subscriptions, timers, or event listeners when the component unmounts or before re-running the effect"", ""To reset the component's state to its initial value"", ""To clear the browser cache when navigating away"", ""To remove the component from the DOM manually""]","To clean up side effects like subscriptions, timers, or event listeners when the component unmounts or before re-running the effect","[""hard""]"
React Interview Questions,Programming,"react,interview,frontend",Which hook should you use to memoize an expensive computation?,"[""useCallback"", ""useEffect"", ""useRef"", ""useMemo""]",useMemo,"[""hard""]"
React Interview Questions,Programming,"react,interview,frontend","In React, keys should be unique among siblings and stable across re-renders.","[""True"", ""False""]",True,"[""hard""]"
React Interview Questions,Programming,"react,interview,frontend",What happens when you call setState inside useEffect without a dependency array?,"[""It causes an infinite re-render loop"", ""It only runs once on mount"", ""It throws an error at compile time"", ""React batches the updates and runs only once""]",It causes an infinite re-render loop,"[""hard""]"
React Interview Questions,Programming,"react,interview,frontend",What is the primary purpose of the useEffect cleanup function?,"[""To clean up side effects like subscriptions, timers, or event listeners when the component unmounts or before re-running the effect"", ""To reset the component's state to its initial value"", ""To clear the browser cache when navigating away"", ""To remove the component from the DOM manually""]","To clean up side effects like subscriptions, timers, or event listeners when the component unmounts or before re-running the effect","[""hard""]"
React Interview Questions,Programming,"react,interview,frontend",Which hook should you use to memoize an expensive computation?,"[""useMemo"", ""useCallback"", ""useEffect"", ""useRef""]",useMemo,"[""hard""]"
React Interview Questions,Programming,"react,interview,frontend","In React, keys should be unique among siblings and stable across re-renders.","[""True"", ""False""]",True,"[""hard""]"
React Interview Questions,Programming,"react,interview,frontend",What happens when you call setState inside useEffect without a dependency array?,"[""It causes an infinite re-render loop"", ""It only runs once on mount"", ""It throws an error at compile time"", ""React batches the updates and runs only once""]",It causes an infinite re-render loop,"[""hard""]"
"Python Lists, Tuples & Sequences",Python,python,"What is the output of the following code? ```python for i in range(5): if i == 3: break print(i, end=' ') else: print('done') ```","[""0 1 2 done"", ""0 1 2 3"", ""0 1 2"", ""0 1 2 3 done""]",0 1 2,"[""hard""]"
"Python Lists, Tuples & Sequences",Python,python,What does this code print? ```python count = 0 while count 7: break print(count) ```,"[""7"", ""9"", ""10"", ""8""]",8,"[""hard""]"
"Python Lists, Tuples & Sequences",Python,python,What is the output of the following code? ```python x = 15 result = 'fizzbuzz' if x % 15 == 0 else 'fizz' if x % 3 == 0 else 'buzz' if x % 5 == 0 else str(x) print(result) ```,"[""'fizz'"", ""'buzz'"", ""'fizzbuzz'"", ""'15'""]",'fizzbuzz',"[""hard""]"
"Python Lists, Tuples & Sequences",Python,python,"What does this Python 3.8+ code print? ```python data = [1, 2, 3, 4, 5, 6, 7, 8] filtered = [y for x in data if (y := x ** 2) > 10] print(filtered) ```","[""[16, 25, 36, 49, 64]"", ""[4, 5, 6, 7, 8]"", ""[1, 4, 9, 16, 25, 36, 49, 64]"", ""Raises a SyntaxError""]","[16, 25, 36, 49, 64]","[""hard""]"
"Python Lists, Tuples & Sequences",Python,python,What is the output of this code? ```python for i in range(3): pass else: print(i) ```,"[""Raises a NameError because `i` is not defined"", ""2"", ""3"", ""0""]",2,"[""hard""]"
"Python Lists, Tuples & Sequences",Python,python,"What does the following function return? ```python def greet(name, greeting='Hello'): return f'{greeting}, {name}!' result = greet('Alice') ```","[""'Hello, Alice!'"", ""'Alice, Hello!'"", ""A TypeError is raised"", ""'Hello, name!'""]","'Hello, Alice!'","[""easy""]"
"Python Lists, Tuples & Sequences",Python,python,"What is the output of the following code? ```python def accumulate(*args): return sum(args) print(accumulate(1, 2, 3, 4)) ```","[""[1, 2, 3, 4]"", ""10"", ""(1, 2, 3, 4)"", ""A TypeError is raised""]",10,"[""easy""]"
"Python Lists, Tuples & Sequences",Python,python,Which of the following correctly describes `**kwargs` in a Python function signature?,"[""It collects positional arguments into a list"", ""It enforces keyword-only arguments"", ""It collects extra keyword arguments into a dictionary"", ""It unpacks a dictionary into positional arguments""]",It collects extra keyword arguments into a dictionary,"[""easy""]"
"Python Lists, Tuples & Sequences",Python,python,What does this recursive function return when called with `factorial(5)`? ```python def factorial(n): if n <= 1: return 1 return n * factorial(n - 1) ```,"[""25"", ""24"", ""5"", ""120""]",120,"[""easy""]"
"Python Lists, Tuples & Sequences",Python,python,"What happens when a Python function has a mutable default argument? ```python def append_item(item, lst=[]): lst.append(item) return lst print(append_item(1)) print(append_item(2)) ```","[""[1] then [1, 2]"", ""[1] then [2]"", ""[1, 2] then [1, 2]"", ""A TypeError on the second call""]","[1] then [1, 2]","[""medium""]"
Java Core Fundamentals,Programming,"java,oop,collections,basics","Consider the following Java code: ```java interface Flyable { void fly(); } abstract class Bird { abstract void sing(); } class Sparrow extends Bird implements Flyable { void sing() { System.out.println(""Tweet""); } public void fly() { System.out.println(""Flap""); } } ``` Which statement about this code is correct?","[""It won't compile because a class cannot both extend a class and implement an interface"", ""It compiles because a class can extend one class and implement multiple interfaces"", ""It won't compile because fly() must be declared abstract in Flyable"", ""It won't compile because sing() needs the public modifier in Sparrow""]",It compiles because a class can extend one class and implement multiple interfaces,"[""easy""]"
Java Core Fundamentals,Programming,"java,oop,collections,basics","What is the output of the following code? ```java String a = ""hello""; String b = ""hello""; String c = new String(""hello""); System.out.println(a == b); System.out.println(a == c); ```","[""true, true"", ""false, false"", ""true, false"", ""false, true""]","true, false","[""easy""]"
Java Core Fundamentals,Programming,"java,oop,collections,basics",Which access modifier allows a field to be accessed by subclasses in a different package but NOT by unrelated classes in that package?,"[""private"", ""default (package-private)"", ""public"", ""protected""]",protected,"[""easy""]"
Java Core Fundamentals,Programming,"java,oop,collections,basics","What happens when you add a duplicate element to a `HashSet` in Java? ```java Set set = new HashSet(); set.add(""apple""); boolean result = set.add(""apple""); System.out.println(result + "" "" + set.size()); ```","[""false 1 — the duplicate is silently ignored and add() returns false"", ""An IllegalArgumentException is thrown"", ""true 2 — duplicates are allowed in sets"", ""false 2 — it returns false but still adds the element""]",false 1 — the duplicate is silently ignored and add() returns false,"[""easy""]"
Java Core Fundamentals,Programming,"java,oop,collections,basics",Which of the following exceptions is a *checked* exception that must be caught or declared in a `throws` clause?,"[""NullPointerException"", ""ClassCastException"", ""ArrayIndexOutOfBoundsException"", ""IOException""]",IOException,"[""easy""]"
Java Core Fundamentals,Programming,"java,oop,collections,basics",What does this code print? ```java Integer x = 127; Integer y = 127; Integer a = 128; Integer b = 128; System.out.println(x == y); System.out.println(a == b); ```,"[""true, false"", ""true, true"", ""false, false"", ""false, true""]","true, false","[""easy""]"
Java Core Fundamentals,Programming,"java,oop,collections,basics",You override `equals()` in a class but forget to override `hashCode()`. What problem can this cause?,"[""The JVM will automatically generate a matching hashCode()"", ""The program will throw a CompilationError"", ""Objects that are equal via equals() may not be found in a HashMap"", ""equals() will stop working and always return false""]",Objects that are equal via equals() may not be found in a HashMap,"[""easy""]"
Java Core Fundamentals,Programming,"java,oop,collections,basics","Given the following code, what is the value of `list` after execution? ```java List list = new ArrayList(Arrays.asList(""a"", ""b"", ""c"")); list.set(1, ""x""); list.add(1, ""y""); ```","[""[a, x, c]"", ""[a, y, x, c]"", ""[a, y, c]"", ""[y, a, x, c]""]","[a, y, x, c]","[""easy""]"
Java Core Fundamentals,Programming,"java,oop,collections,basics",Where are local variables stored in the JVM memory model?,"[""In the thread's stack frame"", ""In the metaspace (formerly PermGen)"", ""In the heap alongside object instances"", ""In the string pool area""]",In the thread's stack frame,"[""easy""]"
Java Core Fundamentals,Programming,"java,oop,collections,basics",What is the effect of the `static` keyword on a method in Java? ```java class Counter { static int count = 0; static void increment() { count++; } } ```,"[""The method can only be called from constructors"", ""The method can access both instance and static fields directly"", ""The method runs in a separate thread automatically"", ""The method belongs to the class and can be called without an instance""]",The method belongs to the class and can be called without an instance,"[""easy""]"
React Performance & Patterns,Programming,"react,performance,patterns,optimization","Why does this React.memo wrapper fail to prevent re-renders? ```jsx const UserList = React.memo(function UserList({ users, onSelect }) { return users.map(u => onSelect(u.id)}>{u.name}); }); function App() { const [query, setQuery] = useState(''); const users = getFilteredUsers(query); return selectUser(id)} />; } ```","[""React.memo doesn't work with function components that return arrays"", ""Both `users` and `onSelect` create new references every render, failing the shallow comparison"", ""React.memo only prevents re-renders caused by state changes, not prop changes"", ""The key prop on forces React.memo to always re-render""]","Both `users` and `onSelect` create new references every render, failing the shallow comparison","[""hard""]"
React Performance & Patterns,Programming,"react,performance,patterns,optimization",What is the correct way to implement code splitting with React.lazy? ```jsx // Which implementation correctly lazy-loads the Dashboard component? ```,"[""const Dashboard = React.lazy(() => import('./Dashboard')); return }>;"", ""const Dashboard = React.lazy(import('./Dashboard')); return ;"", ""const Dashboard = React.lazy('./Dashboard'); return ;"", ""const Dashboard = await import('./Dashboard'); return ;""]",const Dashboard = React.lazy(() => import('./Dashboard')); return }>;,"[""medium""]"
React Performance & Patterns,Programming,"react,performance,patterns,optimization","What happens when the child component throws an error in this setup? ```jsx class ErrorBoundary extends React.Component { state = { hasError: false }; static getDerivedStateFromError(error) { return { hasError: true }; } componentDidCatch(error, info) { logErrorToService(error, info.componentStack); } render() { if (this.state.hasError) return Something went wrong.; return this.props.children; } } // Usage: { throw new Error('click!'); }}>Crash ```","[""The ErrorBoundary catches it and renders the fallback UI"", ""getDerivedStateFromError returns null for event handler errors"", ""The error is not caught because error boundaries don't catch event handler errors"", ""componentDidCatch logs the error but the boundary still crashes""]",The error is not caught because error boundaries don't catch event handler errors,"[""hard""]"
React Performance & Patterns,Programming,"react,performance,patterns,optimization",Why does changing the `key` prop on a component cause it to fully remount? ```jsx function UserProfile({ userId }) { return ; } ```,"[""The key prop triggers shouldComponentUpdate to return false, forcing a fresh mount"", ""React's reconciler treats a changed key as a different element, unmounting the old and mounting a new instance"", ""Keys are only meaningful in lists — on single components they are ignored"", ""The key prop calls React.createElement with a different internal fiber type""]","React's reconciler treats a changed key as a different element, unmounting the old and mounting a new instance","[""hard""]"
React Performance & Patterns,Programming,"react,performance,patterns,optimization","What is the main difference between controlled and uncontrolled form components in React? ```jsx // Approach A const [value, setValue] = useState(''); setValue(e.target.value)} /> // Approach B const inputRef = useRef(); // Read value: inputRef.current.value ```","[""Controlled components use class components; uncontrolled use function components"", ""Controlled components are faster because they skip DOM updates"", ""Uncontrolled components cannot be used with form submission"", ""Controlled components drive the input from React state; uncontrolled components let the DOM manage the value""]",Controlled components drive the input from React state; uncontrolled components let the DOM manage the value,"[""medium""]"
React Performance & Patterns,Programming,"react,performance,patterns,optimization","What problem does this pattern solve, and what replaced it in modern React? ```jsx function withMousePosition(WrappedComponent) { return function MouseTracker(props) { const [pos, setPos] = useState({ x: 0, y: 0 }); useEffect(() => { const handler = (e) => setPos({ x: e.clientX, y: e.clientY }); window.addEventListener('mousemove', handler); return () => window.removeEventListener('mousemove', handler); }, []); return ; }; } ```","[""It's the render props pattern, replaced by React Context in modern React"", ""It's a Higher-Order Component for cross-cutting logic, now better solved by custom hooks"", ""It's a factory pattern for creating controlled components, replaced by forwardRef"", ""It's a mixin pattern for sharing lifecycle methods, replaced by useReducer""]","It's a Higher-Order Component for cross-cutting logic, now better solved by custom hooks","[""medium""]"
React Performance & Patterns,Programming,"react,performance,patterns,optimization","What will happen when this component renders a list and a new item is added to the beginning? ```jsx function TodoList({ todos }) { return ( {todos.map((todo, index) => ( ))} ); } // todos changes from [{text:'A'}, {text:'B'}] to [{text:'C'}, {text:'A'}, {text:'B'}] ```","[""All inputs correctly show their respective todo text values"", ""React throws a key collision error because index 0 already exists"", ""Input values become mismatched because index keys cause incorrect DOM element reuse"", ""The entire list re-renders from scratch since the array length changed""]",Input values become mismatched because index keys cause incorrect DOM element reuse,"[""hard""]"
React Performance & Patterns,Programming,"react,performance,patterns,optimization","What does the `useDeferredValue` hook accomplish in this search component? ```jsx function SearchResults({ query }) { const deferredQuery = useDeferredValue(query); const results = useMemo(() => filterLargeList(deferredQuery), [deferredQuery]); return ( {results.map(item => {item.name})} ); } ```","[""It lets React deprioritize the expensive rendering so typing stays responsive"", ""It memoizes the query string to prevent unnecessary re-renders of parent components"", ""It debounces the query value by a fixed time interval to reduce API calls"", ""It moves the filtering computation to a Web Worker to avoid blocking the main thread""]",It lets React deprioritize the expensive rendering so typing stays responsive,"[""hard""]"
React Performance & Patterns,Programming,"react,performance,patterns,optimization",Which statement about React Server Components (RSC) is correct?,"[""Server Components can use useState and useEffect but the state is stored on the server"", ""Server Components are rendered on the server only during the first request, then hydrated on the client"", ""Server Components replace API routes by allowing direct fetch calls from any component"", ""Server Components run only on the server, can access server resources, and send zero JavaScript to the client""]","Server Components run only on the server, can access server resources, and send zero JavaScript to the client","[""hard""]"
React Performance & Patterns,Programming,"react,performance,patterns,optimization","Why is this memoization with useMemo actually harmful rather than helpful? ```jsx function Greeting({ name }) { const message = useMemo(() => `Hello, ${name}!`, [name]); return {message}; } ```","[""useMemo doesn't work with string values — it only caches objects and arrays"", ""The dependency array is wrong — name should not be included"", ""useMemo prevents the component from re-rendering when name changes"", ""The memoization overhead exceeds the trivial cost of string concatenation, making it a net negative""]","The memoization overhead exceeds the trivial cost of string concatenation, making it a net negative","[""medium""]"
Advanced Git Workflows,DevOps,"git,rebase,advanced,workflows",You're on a feature branch with 5 commits and want to combine the last 3 into a single commit before merging. Which command opens an interactive editor where you can squash those commits?,"[""git merge --squash HEAD~3"", ""git rebase -i HEAD~3"", ""git commit --squash 3"", ""git compress --last 3""]",git rebase -i HEAD~3,"[""medium""]"
Advanced Git Workflows,DevOps,"git,rebase,advanced,workflows",A critical bugfix was committed on the release branch. You need to apply only that specific commit to your development branch without merging the entire release branch. Which command should you use?,"[""git merge --single"", ""git apply"", ""git cherry-pick"", ""git rebase --onto dev release""]",git cherry-pick,"[""medium""]"
Advanced Git Workflows,DevOps,"git,rebase,advanced,workflows",You accidentally ran git reset --hard and lost your last 3 commits. They no longer appear in git log. Which Git tool records all HEAD movements and can help you recover the lost commit SHAs?,"[""git fsck --lost-found"", ""git log --all --reflog"", ""git recover --hard"", ""git reflog""]",git reflog,"[""hard""]"
Advanced Git Workflows,DevOps,"git,rebase,advanced,workflows",A regression was introduced somewhere in the last 50 commits. You want Git to perform a binary search across the commit history to find the exact commit that broke a test. Which command starts this process?,"[""git bisect start"", ""git search --binary"", ""git debug --find-regression"", ""git log --bisect""]",git bisect start,"[""hard""]"
Advanced Git Workflows,DevOps,"git,rebase,advanced,workflows","You're in the middle of working on a feature when an urgent bug comes in. You need to switch branches but don't want to commit your half-finished work. After running git stash, how do you later reapply the stashed changes AND remove them from the stash list?","[""git stash apply"", ""git stash pop"", ""git stash restore"", ""git stash load --delete""]",git stash pop,"[""medium""]"
Advanced Git Workflows,DevOps,"git,rebase,advanced,workflows",Your team requires that commit messages follow a specific format. Which type of Git hook runs before a commit is finalized and can reject the commit if the message doesn't match the required pattern?,"[""pre-commit"", ""prepare-commit-msg"", ""commit-msg"", ""post-commit""]",commit-msg,"[""hard""]"
Advanced Git Workflows,DevOps,"git,rebase,advanced,workflows",You need to push a rebased branch to a shared remote but want to prevent accidentally overwriting commits that others may have pushed in the meantime. Which push option provides this safety?,"[""git push --force"", ""git push --safe"", ""git push --no-overwrite"", ""git push --force-with-lease""]",git push --force-with-lease,"[""hard""]"
Advanced Git Workflows,DevOps,"git,rebase,advanced,workflows","You need to work on two branches simultaneously — for example, running a long build on one branch while coding on another. Which Git feature lets you check out a second branch in a separate directory without cloning the repo again?","[""git worktree add"", ""git checkout --separate"", ""git clone --linked"", ""git branch --workspace""]",git worktree add,"[""hard""]"
Advanced Git Workflows,DevOps,"git,rebase,advanced,workflows",Your project depends on an external library hosted in its own Git repository. You want to include it as a subdirectory inside your repo while keeping its history independent. Which Git feature is designed for this?,"[""git remote add"", ""git subtree merge"", ""git submodule add"", ""git embed""]",git submodule add,"[""medium""]"
Advanced Git Workflows,DevOps,"git,rebase,advanced,workflows","During an interactive rebase, you see the options pick, reword, edit, squash, fixup, and drop. What is the difference between squash and fixup?","[""Squash keeps the commit as a separate entry in the log; fixup removes it entirely"", ""Squash lets you edit the combined commit message; fixup discards the squashed commit's message"", ""Squash combines code changes only; fixup also merges commit metadata like author and date"", ""Squash is used for merge commits; fixup is used for regular commits""]",Squash lets you edit the combined commit message; fixup discards the squashed commit's message,"[""hard""]"
"GitHub Actions Mastery: Workflows, Jobs & Automation",DevOps,"github-actions,workflows,automation,yaml",Which top-level key in a GitHub Actions workflow file defines the events that trigger the workflow?,"[""trigger"", ""on"", ""events"", ""when""]",on,"[""easy""]"
"GitHub Actions Mastery: Workflows, Jobs & Automation",DevOps,"github-actions,workflows,automation,yaml",You want a workflow to run every day at midnight UTC. Which cron expression should you use with the 'schedule' trigger?,"[""cron: '* * 0 0 *'"", ""cron: '0 * * * 0'"", ""cron: '0 0 * * *'"", ""cron: '* 0 0 * *'""]",cron: '0 0 * * *',"[""medium""]"
"GitHub Actions Mastery: Workflows, Jobs & Automation",DevOps,"github-actions,workflows,automation,yaml","In a workflow with two jobs where 'deploy' must wait for 'build' to succeed, which keyword do you add to the 'deploy' job?","[""needs: build"", ""depends_on: build"", ""after: build"", ""requires: build""]",needs: build,"[""easy""]"
"GitHub Actions Mastery: Workflows, Jobs & Automation",DevOps,"github-actions,workflows,automation,yaml","A matrix strategy defines os: [ubuntu-latest, windows-latest] and node: [18, 20]. How many job instances will GitHub Actions create by default?","[""2"", ""3"", ""6"", ""4""]",4,"[""medium""]"
"GitHub Actions Mastery: Workflows, Jobs & Automation",DevOps,"github-actions,workflows,automation,yaml",Which syntax correctly references a repository secret named API_KEY inside a workflow step?,"[""${{ secrets.API_KEY }}"", ""${{ env.API_KEY }}"", ""${SECRETS_API_KEY}"", ""${{ vars.API_KEY }}""]",${{ secrets.API_KEY }},"[""medium""]"
"GitHub Actions Mastery: Workflows, Jobs & Automation",DevOps,"github-actions,workflows,automation,yaml",You create a reusable workflow in .github/workflows/deploy.yml. Which trigger must that workflow use so other workflows can call it?,"[""workflow_dispatch"", ""workflow_call"", ""repository_dispatch"", ""workflow_run""]",workflow_call,"[""medium""]"
"GitHub Actions Mastery: Workflows, Jobs & Automation",DevOps,"github-actions,workflows,automation,yaml",What is the key difference between a composite action and a reusable workflow in GitHub Actions?,"[""Composite actions can only be written in JavaScript, not YAML"", ""Reusable workflows cannot accept input parameters"", ""Composite actions run as steps within a job, while reusable workflows define entire jobs"", ""Reusable workflows are limited to the same repository, while composite actions are not""]","Composite actions run as steps within a job, while reusable workflows define entire jobs","[""hard""]"
"GitHub Actions Mastery: Workflows, Jobs & Automation",DevOps,"github-actions,workflows,automation,yaml",Which action and configuration correctly caches Node.js dependencies using the built-in caching in actions/setup-node?,"[""uses: actions/setup-node@v4 with cache-dependencies: true"", ""uses: actions/setup-node@v4 with cache: 'npm'"", ""uses: actions/setup-node@v4 with cache: 'yarn' and no lock file present"", ""uses: actions/cache@v4 with path: 'node_modules'""]",uses: actions/setup-node@v4 with cache: 'npm',"[""medium""]"
"GitHub Actions Mastery: Workflows, Jobs & Automation",DevOps,"github-actions,workflows,automation,yaml","After building your project, you want to share the compiled output with a downstream job. Which pair of actions should you use to upload and then download the build artifacts?","[""actions/upload-artifact and actions/download-artifact"", ""actions/cache and actions/restore-cache"", ""actions/persist-output and actions/fetch-output"", ""actions/store-build and actions/load-build""]",actions/upload-artifact and actions/download-artifact,"[""medium""]"
"GitHub Actions Mastery: Workflows, Jobs & Automation",DevOps,"github-actions,workflows,automation,yaml",Your team registers a self-hosted runner with the label 'gpu'. Which runs-on value in your workflow ensures the job runs exclusively on that self-hosted GPU runner?,"[""runs-on: gpu"", ""runs-on: self-hosted-gpu"", ""runs-on: [self-hosted, gpu]"", ""runs-on: hosted with labels: [gpu]""]","runs-on: [self-hosted, gpu]","[""hard""]"
"CI/CD Pipeline Fundamentals: Build, Test & Deploy Automation",DevOps,"ci-cd,pipelines,automation,devops",A team practices Continuous Delivery but not Continuous Deployment. What best describes their workflow?,"[""Code is automatically deployed to production after every commit"", ""Code is always in a deployable state, but releases require manual approval"", ""Code is merged into a release branch and deployed on a fixed monthly schedule"", ""Code is only built and tested locally before being pushed to production""]","Code is always in a deployable state, but releases require manual approval","[""medium""]"
"CI/CD Pipeline Fundamentals: Build, Test & Deploy Automation",DevOps,"ci-cd,pipelines,automation,devops","In a typical CI/CD pipeline, which stage should run first after a developer pushes code?","[""Deploy to staging environment"", ""Build and compile the application"", ""Run end-to-end integration tests"", ""Perform a canary release to production""]",Build and compile the application,"[""easy""]"
"CI/CD Pipeline Fundamentals: Build, Test & Deploy Automation",DevOps,"ci-cd,pipelines,automation,devops",Your pipeline produces a Docker image for each build. Which practice ensures you can reliably reproduce a deployment from three weeks ago?,"[""Always tag the image as 'latest' so it is easy to find"", ""Store images on the build server's local disk for quick access"", ""Tag each image with the branch name so you know where it came from"", ""Tag each image with the Git commit SHA and push it to an artifact registry""]",Tag each image with the Git commit SHA and push it to an artifact registry,"[""medium""]"
"CI/CD Pipeline Fundamentals: Build, Test & Deploy Automation",DevOps,"ci-cd,pipelines,automation,devops",A release failed in production and needs to be rolled back immediately. Which rollback strategy provides the fastest recovery with the least risk?,"[""Redeploying the last known-good artifact from the artifact registry"", ""Reverting the commit in Git and waiting for the full pipeline to run"", ""Manually SSH-ing into production servers to restore files from backup"", ""Disabling the load balancer until the development team pushes a hotfix""]",Redeploying the last known-good artifact from the artifact registry,"[""medium""]"
"CI/CD Pipeline Fundamentals: Build, Test & Deploy Automation",DevOps,"ci-cd,pipelines,automation,devops",Your team wants to release a new checkout flow to 5% of users before a full rollout. Which technique is most appropriate?,"[""Deploying the new code to a separate staging environment only"", ""Creating a long-lived feature branch and merging it after manual QA"", ""Using a feature flag to progressively enable the flow for a percentage of traffic"", ""Scheduling a maintenance window to swap the old code for the new code""]",Using a feature flag to progressively enable the flow for a percentage of traffic,"[""medium""]"
"CI/CD Pipeline Fundamentals: Build, Test & Deploy Automation",DevOps,"ci-cd,pipelines,automation,devops",How does trunk-based development differ from GitFlow in terms of branch strategy?,"[""Trunk-based development requires a dedicated release manager to merge branches"", ""GitFlow uses a single main branch with no feature branches at all"", ""Trunk-based development uses short-lived branches merged frequently into a single main branch"", ""GitFlow mandates that every commit be deployed to production immediately""]",Trunk-based development uses short-lived branches merged frequently into a single main branch,"[""medium""]"
"CI/CD Pipeline Fundamentals: Build, Test & Deploy Automation",DevOps,"ci-cd,pipelines,automation,devops",Which event should NOT typically trigger a full CI pipeline run in a well-configured repository?,"[""A push commit to the main branch"", ""A pull request opened against the main branch"", ""A scheduled nightly build for dependency vulnerability scanning"", ""A commit that only updates the repository's README file""]",A commit that only updates the repository's README file,"[""easy""]"
"CI/CD Pipeline Fundamentals: Build, Test & Deploy Automation",DevOps,"ci-cd,pipelines,automation,devops","In a CI pipeline, what is the primary purpose of running unit tests before integration tests?","[""To catch fast, isolated defects early and provide rapid feedback before running slower tests"", ""Because unit tests require a full database connection that integration tests set up"", ""To generate code coverage reports that integration tests cannot produce"", ""Because CI platforms only allow one test stage and unit tests are mandatory""]","To catch fast, isolated defects early and provide rapid feedback before running slower tests","[""easy""]"
"CI/CD Pipeline Fundamentals: Build, Test & Deploy Automation",DevOps,"ci-cd,pipelines,automation,devops",A team promotes artifacts through dev → staging → production environments. What is a key benefit of using the exact same artifact across all environments?,"[""It allows each environment to use a different version of the application framework"", ""It eliminates environment-specific configuration files entirely"", ""It guarantees the tested artifact is identical to what runs in production, reducing deployment risk"", ""It removes the need for any environment variables since the artifact contains all settings""]","It guarantees the tested artifact is identical to what runs in production, reducing deployment risk","[""hard""]"
"CI/CD Pipeline Fundamentals: Build, Test & Deploy Automation",DevOps,"ci-cd,pipelines,automation,devops",How does defining infrastructure as code (IaC) improve a CI/CD pipeline compared to manually provisioning servers?,"[""It replaces the need for a CI/CD pipeline since infrastructure changes deploy themselves"", ""It ensures that servers never need security patches or operating system updates"", ""It guarantees zero downtime during deployments by duplicating every server"", ""It enables reproducible, version-controlled environments that the pipeline can provision automatically""]","It enables reproducible, version-controlled environments that the pipeline can provision automatically","[""hard""]"
"Web Performance Optimization: Core Web Vitals, Caching & Page Speed",Web Performance,"web-performance,core-web-vitals,caching,page-speed,optimization",A user reports that your website feels slow because a large hero image takes 4 seconds to appear. Which Core Web Vital metric does this directly impact?,"[""First Input Delay (FID)"", ""Cumulative Layout Shift (CLS)"", ""Largest Contentful Paint (LCP)"", ""Time to First Byte (TTFB)""]",Largest Contentful Paint (LCP),"[""easy""]"
"Web Performance Optimization: Core Web Vitals, Caching & Page Speed",Web Performance,"web-performance,core-web-vitals,caching,page-speed,optimization","You add `loading=""lazy""` to an `` tag. When does the browser begin fetching that image?","[""Immediately when the HTML is parsed, just like a normal image"", ""Only after all JavaScript has finished executing"", ""After the DOMContentLoaded event fires"", ""When the image is near or entering the viewport during scrolling""]",When the image is near or entering the viewport during scrolling,"[""easy""]"
"Web Performance Optimization: Core Web Vitals, Caching & Page Speed",Web Performance,"web-performance,core-web-vitals,caching,page-speed,optimization","An e-commerce site has a product page where ads and images load after the main content, pushing the 'Add to Cart' button down by 150 pixels. Which Core Web Vital does this degrade?","[""Cumulative Layout Shift (CLS)"", ""Largest Contentful Paint (LCP)"", ""First Contentful Paint (FCP)"", ""Total Blocking Time (TBT)""]",Cumulative Layout Shift (CLS),"[""easy""]"
"Web Performance Optimization: Core Web Vitals, Caching & Page Speed",Web Performance,"web-performance,core-web-vitals,caching,page-speed,optimization",Your webpack bundle analyzer shows that the `moment.js` library (320 KB) is included in your main bundle but only used on one admin page. What optimization technique should you apply?,"[""Enable gzip compression on the server to shrink moment.js"", ""Use code splitting with dynamic imports to load moment.js only on the admin page"", ""Move moment.js to a CDN so it loads from a closer server"", ""Minify moment.js to reduce its file size in the main bundle""]",Use code splitting with dynamic imports to load moment.js only on the admin page,"[""medium""]"
"Web Performance Optimization: Core Web Vitals, Caching & Page Speed",Web Performance,"web-performance,core-web-vitals,caching,page-speed,optimization","A server responds with `Cache-Control: max-age=3600, stale-while-revalidate=86400`. What happens when a user requests the resource 2 hours after it was cached?","[""The browser discards the cache and fetches a completely new copy before displaying anything"", ""The browser serves the stale cached version immediately while revalidating in the background"", ""The cached version is served and no revalidation occurs until the stale-while-revalidate window expires"", ""The stale cache is served instantly to the user, and a background fetch updates the cache for subsequent requests""]","The stale cache is served instantly to the user, and a background fetch updates the cache for subsequent requests","[""medium""]"
"Web Performance Optimization: Core Web Vitals, Caching & Page Speed",Web Performance,"web-performance,core-web-vitals,caching,page-speed,optimization",Which HTTP/2 feature eliminates the need for the common HTTP/1.1 workaround of domain sharding (spreading resources across multiple domains)?,"[""Header compression with HPACK"", ""Server push"", ""Multiplexing — sending multiple requests over a single connection concurrently"", ""Binary framing of HTTP messages""]",Multiplexing — sending multiple requests over a single connection concurrently,"[""medium""]"
"Web Performance Optimization: Core Web Vitals, Caching & Page Speed",Web Performance,"web-performance,core-web-vitals,caching,page-speed,optimization",You run Lighthouse and see that your site ships 400 KB of unused CSS and JavaScript. Which build optimization specifically removes unused exports from your JavaScript modules?,"[""Minification"", ""Tree shaking"", ""Scope hoisting"", ""Source map generation""]",Tree shaking,"[""medium""]"
"Web Performance Optimization: Core Web Vitals, Caching & Page Speed",Web Performance,"web-performance,core-web-vitals,caching,page-speed,optimization","A developer sets a performance budget of 200 KB for their JavaScript bundle. During a CI build, the bundle size is 215 KB. What is the primary purpose of enforcing performance budgets in CI/CD pipelines?","[""To reduce cloud hosting costs by keeping assets small"", ""To ensure compliance with web accessibility standards"", ""To prevent performance regressions by catching size increases before they reach production"", ""To guarantee the site works on slow 2G connections""]",To prevent performance regressions by catching size increases before they reach production,"[""hard""]"
"Web Performance Optimization: Core Web Vitals, Caching & Page Speed",Web Performance,"web-performance,core-web-vitals,caching,page-speed,optimization","You're optimizing a news site's critical rendering path. The site loads a 150 KB CSS file, a 300 KB JavaScript bundle, and several web fonts before any content appears. Which approach would most effectively reduce the time to first meaningful render?","[""Move all CSS and JS files to a CDN for faster delivery"", ""Enable HTTP/2 server push for all resources"", ""Increase server RAM to handle more concurrent connections"", ""Inline critical above-the-fold CSS, defer non-critical CSS, and async-load JavaScript""]","Inline critical above-the-fold CSS, defer non-critical CSS, and async-load JavaScript","[""hard""]"
"Web Performance Optimization: Core Web Vitals, Caching & Page Speed",Web Performance,"web-performance,core-web-vitals,caching,page-speed,optimization","Your site serves product images as uncompressed 2400×1600 PNGs, but they display at 600×400 on most screens. Which combination of techniques would yield the greatest performance improvement for image delivery?","[""Use responsive images with srcset and serve WebP/AVIF formats at multiple resolutions"", ""Add loading='lazy' to all images and keep the PNG format"", ""Use a CSS background-image instead of an img tag for better rendering"", ""Compress the PNGs with a lossless optimizer and cache them for 1 year""]",Use responsive images with srcset and serve WebP/AVIF formats at multiple resolutions,"[""hard""]"
Python Error Handling & Modules,Python,python,What is the output of the following code? ```python def gen(): yield 1 yield 2 yield 3 g = gen() next(g) print(sum(g)) ```,"[""5"", ""6"", ""3"", ""StopIteration is raised""]",5,"[""medium""]"
Python Error Handling & Modules,Python,python,What does `yield from` accomplish that a simple `for` loop with `yield` does not handle automatically?,"[""It runs the sub-generator in a separate thread for concurrency"", ""It propagates `.send()`, `.throw()`, and `.close()` to the sub-generator"", ""It automatically caches all yielded values for re-iteration"", ""It converts the sub-generator into a list before yielding""]","It propagates `.send()`, `.throw()`, and `.close()` to the sub-generator","[""hard""]"
Python Error Handling & Modules,Python,python,"What is the output of this code? ```python import itertools result = list(itertools.chain.from_iterable( zip([1, 2, 3], [10, 20, 30]) )) print(result) ```","[""[(1, 10), (2, 20), (3, 30)]"", ""[1, 2, 3, 10, 20, 30]"", ""[1, 10, 2, 20, 3, 30]"", ""[[1, 10], [2, 20], [3, 30]]""]","[1, 10, 2, 20, 3, 30]","[""medium""]"
Python Error Handling & Modules,Python,python,Consider this generator expression vs list comprehension: ```python import sys a = [x**2 for x in range(1000)] b = (x**2 for x in range(1000)) ``` Which statement is true about `sys.getsizeof(a)` vs `sys.getsizeof(b)`?,"[""Both return the same size because they contain the same logical data"", ""getsizeof(a) is much larger because the list stores all values in memory"", ""getsizeof(b) is much larger because generators have higher overhead per item"", ""getsizeof(b) is much smaller because generators compute values lazily on demand""]",getsizeof(b) is much smaller because generators compute values lazily on demand,"[""medium""]"
Python Error Handling & Modules,Python,python,What happens when you call `.send(value)` on a generator that has just been created (before any `next()` call)? ```python def echo(): while True: received = yield print(f'Got: {received}') g = echo() g.send(42) ```,"[""It prints 'Got: 42'"", ""It raises TypeError because the generator hasn't been primed with next()"", ""It silently discards 42 and advances to the first yield"", ""It raises StopIteration immediately""]",It raises TypeError because the generator hasn't been primed with next(),"[""hard""]"
Python Error Handling & Modules,Python,python,"In CPython, which statement about the Global Interpreter Lock (GIL) is correct?","[""The GIL limits concurrent execution of Python bytecode but is released during I/O waits"", ""The GIL is released during I/O operations, allowing other threads to execute"", ""The GIL ensures thread-safe access to all Python objects, eliminating race conditions entirely"", ""The GIL prevents all forms of concurrency in Python programs""]",The GIL limits concurrent execution of Python bytecode but is released during I/O waits,"[""hard""]"
Python Error Handling & Modules,Python,python,"What is the output of this asyncio code? ```python import asyncio async def task(name, delay): await asyncio.sleep(delay) print(name, end=' ') return name async def main(): results = await asyncio.gather( task('C', 0.3), task('A', 0.1), task('B', 0.2) ) print(results) asyncio.run(main()) ```","[""A B C ['A', 'B', 'C']"", ""A B C ['C', 'A', 'B']"", ""C A B ['C', 'A', 'B']"", ""C A B ['A', 'B', 'C']""]","A B C ['C', 'A', 'B']","[""hard""]"
Python Error Handling & Modules,Python,python,"Which approach correctly runs CPU-bound Python code in parallel, bypassing the GIL?","[""Using `threading.Thread` with daemon=True"", ""Using `asyncio.create_task()` in an event loop"", ""Using `multiprocessing.Pool` with separate worker processes"", ""Using `concurrent.futures.ThreadPoolExecutor` with max_workers > 1""]",Using `multiprocessing.Pool` with separate worker processes,"[""medium""]"
Python Error Handling & Modules,Python,python,What does the following async code print? ```python import asyncio async def producer(queue): for i in range(3): await queue.put(i) await queue.put(None) async def consumer(queue): items = [] while True: item = await queue.get() if item is None: break items.append(item * 10) return items async def main(): q = asyncio.Queue(maxsize=1) prod = asyncio.create_task(producer(q)) result = await consumer(q) await prod print(result) asyncio.run(main()) ```,"[""[0, 10, 20]"", ""[0, 1, 2]"", ""[10, 20, 30]"", ""Deadlock: the program hangs""]","[0, 10, 20]","[""expert""]"
Python Error Handling & Modules,Python,python,Which statement about `asyncio.Lock` vs `threading.Lock` is correct?,"[""They are interchangeable — both work in threaded and async contexts"", ""asyncio.Lock blocks the entire event loop thread until acquired"", ""asyncio.Lock uses `await` to yield control to the event loop while waiting"", ""asyncio.Lock suspends only the awaiting coroutine, letting other coroutines run on the event loop""]","asyncio.Lock suspends only the awaiting coroutine, letting other coroutines run on the event loop","[""hard""]"
"Kubernetes Fundamentals: Pods, Deployments & Services Explained",DevOps,"kubernetes,pods,deployments,services",A developer notices that their application container keeps restarting inside a Pod. The Pod status shows CrashLoopBackOff. Which of these best describes what Kubernetes is doing?,"[""Kubernetes is restarting the container with increasing delays between each attempt"", ""Kubernetes is deleting the Pod and creating a brand-new replacement on a different node"", ""Kubernetes has permanently stopped the container and is waiting for manual intervention"", ""Kubernetes is scaling the Deployment down to zero replicas to prevent resource waste""]",Kubernetes is restarting the container with increasing delays between each attempt,"[""medium""]"
"Kubernetes Fundamentals: Pods, Deployments & Services Explained",DevOps,"kubernetes,pods,deployments,services","You run `kubectl apply -f deployment.yaml` with `replicas: 3` set. After the rollout completes, you find 3 Pods running. Which resource did Kubernetes automatically create to manage those Pods?","[""A DaemonSet scoped to three specific nodes"", ""A ReplicaSet that maintains the desired number of Pod replicas"", ""A StatefulSet with ordinal indexes 0, 1, and 2"", ""A Job that runs three parallel tasks""]",A ReplicaSet that maintains the desired number of Pod replicas,"[""easy""]"
"Kubernetes Fundamentals: Pods, Deployments & Services Explained",DevOps,"kubernetes,pods,deployments,services","Your team needs an internal-only service that other Pods in the cluster can reach by DNS name, but it should NOT be accessible from outside the cluster. Which Service type should you use?","[""NodePort, since it works on every node in the cluster"", ""LoadBalancer, because it handles traffic routing automatically"", ""ClusterIP, which provides a cluster-internal virtual IP and DNS entry"", ""ExternalName, which maps to an internal DNS record""]","ClusterIP, which provides a cluster-internal virtual IP and DNS entry","[""easy""]"
"Kubernetes Fundamentals: Pods, Deployments & Services Explained",DevOps,"kubernetes,pods,deployments,services",You have Pods labeled `app: api` and `version: v2`. A Service selector is set to `app: api`. Which Pods will receive traffic from this Service?,"[""Only Pods with exactly the label `app: api` and no other labels"", ""Only Pods with both `app: api` and `version: v2` labels"", ""No Pods, because the selector and labels don't fully match"", ""All Pods that have the label `app: api`, regardless of additional labels""]","All Pods that have the label `app: api`, regardless of additional labels","[""medium""]"
"Kubernetes Fundamentals: Pods, Deployments & Services Explained",DevOps,"kubernetes,pods,deployments,services",A colleague asks you to check which Pods are running in the `staging` namespace. Which kubectl command accomplishes this?,"[""`kubectl get pods --all-namespaces | grep staging`"", ""`kubectl get pods -n staging`"", ""`kubectl describe namespace staging`"", ""`kubectl get pods --namespace=default --filter=staging`""]",`kubectl get pods -n staging`,"[""easy""]"
"Kubernetes Fundamentals: Pods, Deployments & Services Explained",DevOps,"kubernetes,pods,deployments,services","During a rolling update, a Deployment's `maxUnavailable` is set to 1 and `maxSurge` is set to 1, with `replicas: 4`. What is the maximum number of Pods that can exist at any point during the rollout?","[""4 Pods, because Kubernetes never exceeds the replica count"", ""3 Pods, since one old Pod is terminated before a new one starts"", ""5 Pods, because maxSurge allows one Pod above the desired replica count"", ""8 Pods, because both old and new ReplicaSets run full copies simultaneously""]","5 Pods, because maxSurge allows one Pod above the desired replica count","[""hard""]"
"Kubernetes Fundamentals: Pods, Deployments & Services Explained",DevOps,"kubernetes,pods,deployments,services",You need to inject a database connection string into a Pod without baking it into the container image. The value is non-sensitive. Which Kubernetes resource is the best fit?,"[""A Secret with the value base64-encoded"", ""A PersistentVolumeClaim mounted at /config"", ""An annotation on the Pod's metadata"", ""A ConfigMap referenced as an environment variable in the Pod spec""]",A ConfigMap referenced as an environment variable in the Pod spec,"[""medium""]"
"Kubernetes Fundamentals: Pods, Deployments & Services Explained",DevOps,"kubernetes,pods,deployments,services",Your application stores API keys that must remain confidential. You create a Kubernetes Secret to hold them. How are the values stored within the Secret object in etcd by default (without encryption at rest enabled)?,"[""As base64-encoded strings, which can be decoded by anyone with API access"", ""As AES-256 encrypted blobs that only the kubelet can decrypt"", ""As SHA-256 hashed values that are verified at runtime"", ""As plain-text key-value pairs compressed with gzip""]","As base64-encoded strings, which can be decoded by anyone with API access","[""hard""]"
"Kubernetes Fundamentals: Pods, Deployments & Services Explained",DevOps,"kubernetes,pods,deployments,services",You want to expose a web application to the internet on a cloud provider. The Service should automatically provision an external IP via the cloud provider's load balancer. Which Service type should you choose?,"[""ClusterIP with an Ingress controller in front"", ""LoadBalancer, which provisions a cloud load balancer with an external IP"", ""NodePort, which assigns a random external IP on each node"", ""ExternalName, which maps to the cloud provider's DNS""]","LoadBalancer, which provisions a cloud load balancer with an external IP","[""medium""]"
"Kubernetes Fundamentals: Pods, Deployments & Services Explained",DevOps,"kubernetes,pods,deployments,services",A Pod spec contains two containers: a main application container and a sidecar that ships logs to a remote system. Both containers need to read and write to the same directory. Which volume type allows them to share ephemeral storage within the Pod?,"[""hostPath, which mounts a directory from the host node's filesystem"", ""persistentVolumeClaim, which provisions cloud storage for the Pod"", ""emptyDir, which provides a shared ephemeral volume scoped to the Pod's lifetime"", ""configMap, which mounts read-only configuration files into both containers""]","emptyDir, which provides a shared ephemeral volume scoped to the Pod's lifetime","[""medium""]"
React Hooks Deep Dive,Programming,"react,hooks,state-management,useEffect","What does the following useState call do? ```jsx const [items, setItems] = useState(() => { return JSON.parse(localStorage.getItem('cart') || '[]'); }); ```","[""It reads from localStorage on every re-render to keep state in sync"", ""It uses lazy initialization so the expensive computation only runs on the first render"", ""It creates a subscription that watches localStorage for external changes"", ""It throws an error because useState does not accept a function argument""]",It uses lazy initialization so the expensive computation only runs on the first render,"[""medium""]"
React Hooks Deep Dive,Programming,"react,hooks,state-management,useEffect","What will be logged when the button is clicked once? ```jsx function Counter() { const [count, setCount] = useState(0); const handleClick = () => { setCount(count + 1); setCount(count + 1); setCount(count + 1); console.log(count); }; return Count: {count}; } ```","[""It logs 3 because all three setCount calls are processed sequentially"", ""It logs 1 because React batches updates but processes them before the log"", ""It logs 0 because console.log captures the stale closure value before re-render"", ""It logs undefined because setCount is asynchronous""]",It logs 0 because console.log captures the stale closure value before re-render,"[""medium""]"
React Hooks Deep Dive,Programming,"react,hooks,state-management,useEffect","What happens when this component mounts and then unmounts? ```jsx function ChatRoom({ roomId }) { useEffect(() => { const connection = createConnection(roomId); connection.connect(); return () => connection.disconnect(); }, [roomId]); return Welcome to {roomId}; } ```","[""connect() runs on mount; disconnect() never runs because roomId doesn't change"", ""connect() runs on every render; disconnect() runs on unmount"", ""Both connect() and disconnect() run on mount due to React Strict Mode"", ""connect() runs on mount; disconnect() runs on unmount via the cleanup function""]",connect() runs on mount; disconnect() runs on unmount via the cleanup function,"[""easy""]"
React Hooks Deep Dive,Programming,"react,hooks,state-management,useEffect","This component has a bug. The alert always shows the initial message even after typing. Why? ```jsx function Messenger() { const [message, setMessage] = useState(''); useEffect(() => { const timer = setTimeout(() => { alert(message); }, 3000); }, []); return setMessage(e.target.value)} />; } ```","[""setTimeout doesn't work inside useEffect due to React's synthetic event system"", ""The empty dependency array causes a stale closure — the callback captures the initial message value"", ""setMessage is asynchronous so the alert fires before state updates propagate"", ""The input is uncontrolled so message never actually updates""]",The empty dependency array causes a stale closure — the callback captures the initial message value,"[""medium""]"
React Hooks Deep Dive,Programming,"react,hooks,state-management,useEffect","What is the primary use case for useRef that does NOT involve DOM elements? ```jsx function StopWatch() { const [elapsed, setElapsed] = useState(0); const intervalRef = useRef(null); const start = () => { intervalRef.current = setInterval(() => { setElapsed(prev => prev + 1); }, 1000); }; const stop = () => clearInterval(intervalRef.current); return (/* ... */); } ```","[""Storing mutable values that persist across renders without triggering re-renders"", ""Caching expensive computations between renders to improve performance"", ""Sharing state between sibling components without prop drilling"", ""Creating reactive variables that automatically sync with the DOM""]",Storing mutable values that persist across renders without triggering re-renders,"[""medium""]"
React Hooks Deep Dive,Programming,"react,hooks,state-management,useEffect","Which statement correctly describes the difference between useMemo and useCallback? ```jsx const memoized = useMemo(() => computeExpensiveValue(a, b), [a, b]); const callback = useCallback(() => handleSubmit(formData), [formData]); ```","[""useMemo caches the result of calling the function; useCallback caches the function reference itself"", ""useMemo runs the function asynchronously; useCallback runs it synchronously"", ""useMemo is for primitive values only; useCallback handles objects and arrays"", ""useMemo works during the render phase; useCallback works during the commit phase""]",useMemo caches the result of calling the function; useCallback caches the function reference itself,"[""medium""]"
React Hooks Deep Dive,Programming,"react,hooks,state-management,useEffect","What advantage does useReducer offer over useState in this scenario? ```jsx function TodoApp() { const [state, dispatch] = useReducer(todoReducer, { todos: [], filter: 'all' }); return ( dispatch({ type: 'ADD_TODO', text: 'New' })}>Add dispatch({ type: 'TOGGLE_FILTER' })}>Filter dispatch({ type: 'CLEAR_COMPLETED' })}>Clear ); } ```","[""useReducer automatically memoizes the state and prevents unnecessary re-renders"", ""useReducer replaces Redux entirely and provides global state management"", ""useReducer is faster than useState because it uses immutable data structures internally"", ""useReducer centralizes complex state logic in a testable reducer with a stable dispatch function""]",useReducer centralizes complex state logic in a testable reducer with a stable dispatch function,"[""medium""]"
React Hooks Deep Dive,Programming,"react,hooks,state-management,useEffect","What problem does this custom hook pattern solve? ```jsx function useDebounce(value, delay) { const [debouncedValue, setDebouncedValue] = useState(value); useEffect(() => { const timer = setTimeout(() => setDebouncedValue(value), delay); return () => clearTimeout(timer); }, [value, delay]); return debouncedValue; } ```","[""It throttles the value to update at most once per delay period at regular intervals"", ""It delays the value update until the input stops changing for the specified delay period"", ""It batches multiple rapid state updates into a single synchronous update"", ""It caches the previous value and returns it while the new value is being computed""]",It delays the value update until the input stops changing for the specified delay period,"[""medium""]"
React Hooks Deep Dive,Programming,"react,hooks,state-management,useEffect",Which of the following violates the Rules of Hooks?,"[""Calling useState inside a custom hook named useAuth"", ""Calling useEffect twice in the same component with different dependencies"", ""Using useCallback inside an arrow function component"", ""Calling useState inside an if statement within a component""]",Calling useState inside an if statement within a component,"[""easy""]"
React Hooks Deep Dive,Programming,"react,hooks,state-management,useEffect","What will this component render after clicking the button twice? ```jsx function App() { const [count, setCount] = useState(0); const prevCountRef = useRef(0); useEffect(() => { prevCountRef.current = count; }); return ( Now: {count}, Before: {prevCountRef.current} setCount(c => c + 1)}>+1 ); } ```","[""Now: 2, Before: 2 — because the ref updates synchronously during render"", ""Now: 2, Before: 0 — because refs don't update across re-renders"", ""Now: 2, Before: 1 — because useEffect updates the ref after render with the previous count"", ""Now: 2, Before: undefined — because useRef doesn't persist values between renders""]","Now: 2, Before: 1 — because useEffect updates the ref after render with the previous count","[""hard""]"
Advanced Rust Concepts,Programming,"rust,traits,async,smart-pointers",What is the key difference between `impl Trait` and `dyn Trait` as a function parameter? ```rust fn static_dispatch(item: impl Display) { ... } fn dynamic_dispatch(item: &dyn Display) { ... } ```,"[""impl Trait uses static dispatch (monomorphization); dyn Trait uses dynamic dispatch via a vtable"", ""dyn Trait is faster because it avoids code duplication from monomorphization"", ""impl Trait works only with references while dyn Trait works with owned values"", ""They are identical — dyn is just the legacy syntax for impl Trait""]",impl Trait uses static dispatch (monomorphization); dyn Trait uses dynamic dispatch via a vtable,"[""hard""]"
Advanced Rust Concepts,Programming,"rust,traits,async,smart-pointers",Why does this code fail to compile? ```rust fn make_adder(x: i32) -> impl Fn(i32) -> i32 { move |y| x + y } fn choose_fn(flag: bool) -> impl Fn(i32) -> i32 { if flag { |x| x + 1 } else { |x| x * 2 } } ```,"[""Closures cannot capture variables — the move keyword is invalid"", ""impl Fn is not a valid return type in Rust"", ""choose_fn returns two different closure types, but impl Trait requires a single concrete type"", ""The closures need explicit type annotations on their parameters""]","choose_fn returns two different closure types, but impl Trait requires a single concrete type","[""hard""]"
Advanced Rust Concepts,Programming,"rust,traits,async,smart-pointers",When would you choose `Rc` over `Box` in Rust?,"[""When you need mutable access from multiple threads simultaneously"", ""When multiple owners need shared read-only access to the same data in a single thread"", ""When you want the data allocated on the stack instead of the heap"", ""When you need a pointer that can be null""]",When multiple owners need shared read-only access to the same data in a single thread,"[""medium""]"
Advanced Rust Concepts,Programming,"rust,traits,async,smart-pointers",What does `RefCell` provide that a regular reference does not?,"[""It removes all borrow checking, making Rust behave like C"", ""It allows thread-safe mutation from multiple threads without a Mutex"", ""It provides interior mutability — runtime borrow checking instead of compile-time"", ""It creates a deep copy of T on every access to prevent aliasing""]",It provides interior mutability — runtime borrow checking instead of compile-time,"[""hard""]"
Advanced Rust Concepts,Programming,"rust,traits,async,smart-pointers","What is the difference between `Fn`, `FnMut`, and `FnOnce` closure traits?","[""They control whether closures run on the stack, heap, or thread pool"", ""Fn borrows immutably, FnMut borrows mutably, FnOnce takes ownership of captures"", ""FnOnce is for async closures, FnMut for mutable state, Fn for pure functions"", ""They are identical traits with different naming conventions for readability""]","Fn borrows immutably, FnMut borrows mutably, FnOnce takes ownership of captures","[""hard""]"
Advanced Rust Concepts,Programming,"rust,traits,async,smart-pointers",What does the following iterator chain produce? ```rust let result: Vec = (1..=5) .filter(|x| x % 2 != 0) .map(|x| x * x) .collect(); ```,"[""[1, 4, 9, 16, 25] — squares of all numbers 1 through 5"", ""[2, 4] — even numbers from 1 through 5"", ""[1, 9, 25] — squares of odd numbers from 1 through 5"", ""[1, 3, 5] — odd numbers only, without squaring""]","[1, 9, 25] — squares of odd numbers from 1 through 5","[""medium""]"
Advanced Rust Concepts,Programming,"rust,traits,async,smart-pointers",What does `await` do in this async Rust code? ```rust async fn fetch_data(url: &str) -> Result { let response = reqwest::get(url).await?; let body = response.text().await?; Ok(body) } ```,"[""It blocks the current OS thread until the operation completes"", ""It spawns a new thread to handle the operation in parallel"", ""It suspends the current async task, yielding control until the Future resolves"", ""It queues a callback function that runs when the data arrives""]","It suspends the current async task, yielding control until the Future resolves","[""medium""]"
Advanced Rust Concepts,Programming,"rust,traits,async,smart-pointers","How do you define a custom error type that works with the `?` operator? ```rust #[derive(Debug)] enum AppError { Io(std::io::Error), Parse(std::num::ParseIntError), } ``` What trait implementation is required?","[""Implement the Error trait only — ? uses it for all conversions"", ""Implement From for AppError for each error type you want ? to convert"", ""Implement TryFrom for each source error type"", ""Implement Display for AppError — ? uses the display string to match errors""]",Implement From for AppError for each error type you want ? to convert,"[""hard""]"
Advanced Rust Concepts,Programming,"rust,traits,async,smart-pointers","What does the `macro_rules!` invocation define, and how is `$($x:expr),*` interpreted? ```rust macro_rules! vec_of { ($($x:expr),*) => { { let mut v = Vec::new(); $(v.push($x);)* v } }; } ```","[""A procedural macro that runs arbitrary Rust code at compile time"", ""A generic function where $x represents type parameters"", ""A declarative macro matching zero or more expressions, expanding to repeated push calls"", ""A const function evaluated at compile time using pattern matching on types""]","A declarative macro matching zero or more expressions, expanding to repeated push calls","[""hard""]"
Advanced Rust Concepts,Programming,"rust,traits,async,smart-pointers",Which of the following operations requires an `unsafe` block in Rust?,"[""Calling a function from the standard library that might panic"", ""Converting a &str to a String using .to_string()"", ""Using transmute to reinterpret bits as a different type"", ""Dereferencing a raw pointer (*const T or *mut T)""]",Dereferencing a raw pointer (*const T or *mut T),"[""medium""]"
Python Basics & Syntax,Python,python,What happens when you run the following Python code? ```python x = 10 y = 20 print(x + y) ```,"[""Prints 30"", ""Prints 10 20"", ""Raises an IndentationError"", ""Raises a SyntaxError about the variable name""]",Raises an IndentationError,"[""easy""]"
Python Basics & Syntax,Python,python,Which of the following is a valid way to write a multi-line comment in Python?,"[""/* This is a comment */"", ""# This is a comment"", ""// This is a comment"", ""A triple-quoted string: \""\""\""This is a comment\""\""\""""]","A triple-quoted string: """"""This is a comment""""""","[""easy""]"
Python Basics & Syntax,Python,python,"What is the output of the following code? ```python name = 'Alice' print('Hello,', name, end='!\n') ```","[""Hello, Alice!"", ""Hello,Alice!"", ""Hello, Alice!\\n"", ""Hello, Alice !""]","Hello, Alice!","[""easy""]"
Python Basics & Syntax,Python,python,"Given the code below, what does `z` hold after execution? ```python x = 5 y = x x = 10 z = y ```","[""5"", ""10"", ""15"", ""Raises a NameError""]",5,"[""easy""]"
Python Basics & Syntax,Python,python,Which statement correctly assigns three variables in a single line in Python?,"[""int a = 1, b = 2, c = 3"", ""a, b, c = 1, 2, 3"", ""a = 1 & b = 2 & c = 3"", ""let a, b, c = 1, 2, 3""]","a, b, c = 1, 2, 3","[""easy""]"
Python Basics & Syntax,Python,python,What does the following expression evaluate to? ```python bool('') + bool(0) + bool([]) + bool({1: 2}) ```,"[""0"", ""3"", ""4"", ""1""]",1,"[""medium""]"
Python Basics & Syntax,Python,python,What is the output of this code? ```python x = None print(type(x).__name__) ```,"[""None"", ""NoneType"", ""null"", ""void""]",NoneType,"[""easy""]"
Python Basics & Syntax,Python,python,Which expression correctly converts the string `'42.5'` to an integer `42` in Python?,"[""int('42.5')"", ""int(float('42.5'))"", ""integer('42.5')"", ""cast(int, '42.5')""]",int(float('42.5')),"[""medium""]"
Python Basics & Syntax,Python,python,"What does this code print? ```python print(isinstance(True, int)) ```","[""True"", ""False"", ""Raises a TypeError"", ""1""]",True,"[""medium""]"
Python Strings & Text Processing,Python,python,"What is the output of the following code? ```python d = {'a': 1, 'b': 2, 'c': 3} print(list(d.values())[-1]) ```","[""1"", ""'c'"", ""3"", ""Raises a KeyError""]",3,"[""easy""]"
Python Strings & Text Processing,Python,python,"What does this code print? ```python d = {'x': 1, 'y': 2} result = d.get('z', d.get('x', 0)) print(result) ```","[""0"", ""2"", ""1"", ""Raises a KeyError""]",1,"[""medium""]"
Python Strings & Text Processing,Python,python,Which expression creates a dictionary mapping each number 1-5 to its cube?,"[""dict(n: n**3 for n in range(1, 6))"", ""dict.fromkeys(range(1,6), lambda n: n**3)"", ""{n => n**3 for n in range(1, 6)}"", ""{n: n**3 for n in range(1, 6)}""]","{n: n**3 for n in range(1, 6)}","[""medium""]"
Python Strings & Text Processing,Python,python,"What is the output of this code? ```python a = {'x': 1, 'y': 2} b = {'y': 3, 'z': 4} c = {**a, **b} print(c) ```","[""{'x': 1, 'y': 2, 'z': 4}"", ""{'x': 1, 'y': 3, 'z': 4}"", ""{'x': 1, 'y': [2, 3], 'z': 4}"", ""Raises a TypeError""]","{'x': 1, 'y': 3, 'z': 4}","[""medium""]"
Python Strings & Text Processing,Python,python,"What does the following code print? ```python d = {'a': 1, 'b': 2, 'c': 3} keys = [k for k, v in d.items() if v >= 2] print(sorted(keys)) ```","[""['a', 'b', 'c']"", ""['c', 'b']"", ""[2, 3]"", ""['b', 'c']""]","['b', 'c']","[""medium""]"
Python Strings & Text Processing,Python,python,"What does this code output? ```python a, *b, c = [1, 2, 3, 4, 5] print(b) ```","[""[2, 3, 4]"", ""(2, 3, 4)"", ""[1, 2, 3, 4]"", ""[2, 3, 4, 5]""]","[2, 3, 4]","[""medium""]"
Python Strings & Text Processing,Python,python,"What is the output of the following code? ```python t = (1, 2, [3, 4]) t[2].append(5) print(t) ```","[""Raises a TypeError because tuples are immutable"", ""(1, 2, [3, 4, 5])"", ""(1, 2, [3, 4], 5)"", ""(1, 2, [3, 4])""]","(1, 2, [3, 4, 5])","[""hard""]"
Python Strings & Text Processing,Python,python,"What is the result of this set operation? ```python a = {1, 2, 3, 4} b = {3, 4, 5, 6} print(a ^ b) ```","[""{3, 4}"", ""{1, 2, 3, 4, 5, 6}"", ""{1, 2}"", ""{1, 2, 5, 6}""]","{1, 2, 5, 6}","[""medium""]"
Python Strings & Text Processing,Python,python,"What happens when you execute this code? ```python fs = frozenset([1, 2, 3]) fs.add(4) ```","[""Creates frozenset({1, 2, 3, 4})"", ""Raises a TypeError"", ""Raises an AttributeError"", ""Silently ignores the operation""]",Raises an AttributeError,"[""hard""]"
Python Strings & Text Processing,Python,python,"What does this code print? ```python print(len({1, 1, 2, 2, 3, 3, 3})) ```","[""7"", ""3"", ""5"", ""6""]",3,"[""easy""]"
Python Dictionaries & Sets,Python,python,"What is the output of this code using `map` and `lambda`? ```python nums = [1, 2, 3, 4] result = list(map(lambda x: x ** 2, nums)) print(result) ```","[""[1, 4, 9, 16]"", ""[2, 4, 6, 8]"", ""[1, 2, 3, 4]"", ""(1, 4, 9, 16)""]","[1, 4, 9, 16]","[""easy""]"
Python Dictionaries & Sets,Python,python,"What does `filter` return in the following code? ```python words = ['apple', '', 'banana', '', 'cherry'] result = list(filter(None, words)) ```","[""['apple', '', 'banana', '', 'cherry']"", ""['', '']"", ""A TypeError because None is not callable"", ""['apple', 'banana', 'cherry']""]","['apple', 'banana', 'cherry']","[""medium""]"
Python Dictionaries & Sets,Python,python,"Which import is required to use `reduce` in Python 3? ```python nums = [1, 2, 3, 4] total = reduce(lambda a, b: a + b, nums) ```","[""from itertools import reduce"", ""from functools import reduce"", ""import reduce"", ""from collections import reduce""]",from functools import reduce,"[""hard""]"
Python Dictionaries & Sets,Python,python,What is the output of this code using `functools.lru_cache`? ```python from functools import lru_cache call_count = 0 @lru_cache(maxsize=None) def fib(n): global call_count call_count += 1 if n < 2: return n return fib(n-1) + fib(n-2) fib(10) print(call_count) ```,"[""177"", ""10"", ""11"", ""55""]",11,"[""hard""]"
Python Dictionaries & Sets,Python,python,"What does the following lambda expression evaluate to? ```python result = (lambda *args: max(args) - min(args))(10, 3, 7, 1, 9) ```","[""7"", ""10"", ""1"", ""9""]",9,"[""medium""]"
Python Dictionaries & Sets,Python,python,"What is printed by this code using a basic decorator? ```python def shout(func): def wrapper(*args, **kwargs): result = func(*args, **kwargs) return result.upper() return wrapper @shout def greet(name): return f'hello, {name}' print(greet('world')) ```","[""'hello, world'"", ""'HELLO, WORLD'"", ""'Hello, World'"", ""A TypeError is raised""]","'HELLO, WORLD'","[""medium""]"
Python Dictionaries & Sets,Python,python,Which decorator pattern allows passing arguments to a decorator? ```python # Which of these is the correct structure? ```,"[""A function that takes the decorated function and the arguments together"", ""A class with a __call__ method that takes both arguments and the function"", ""A decorator that uses **kwargs to capture decorator arguments"", ""A function that returns a decorator, which returns a wrapper (three nested functions)""]","A function that returns a decorator, which returns a wrapper (three nested functions)","[""medium""]"
Python Dictionaries & Sets,Python,python,What does `@staticmethod` do when applied to a method inside a class?,"[""It makes the method accessible only within the class"", ""It passes the class as the first argument instead of the instance"", ""It prevents the method from being overridden in subclasses"", ""It removes the implicit self/cls parameter so it acts like a plain function""]",It removes the implicit self/cls parameter so it acts like a plain function,"[""easy""]"
Python Dictionaries & Sets,Python,python,"What does `functools.wraps` preserve when used inside a decorator? ```python from functools import wraps def my_dec(func): @wraps(func) def wrapper(*args, **kwargs): return func(*args, **kwargs) return wrapper ```","[""The original function's metadata (__name__, __doc__, etc.)"", ""The function's local variables"", ""The function's return type annotation only"", ""The function's default argument values""]","The original function's metadata (__name__, __doc__, etc.)","[""medium""]"
Python Functions & Lambdas,Python,python,"What is the output of this code? ```python class Animal: def __init__(self, name): self.name = name class Dog(Animal): def __init__(self, name, breed): super().__init__(name) self.breed = breed d = Dog('Rex', 'Labrador') print(d.name, d.breed) ```","[""Rex Labrador"", ""An AttributeError is raised"", ""Dog Labrador"", ""Rex Dog""]",Rex Labrador,"[""easy""]"
Python Functions & Lambdas,Python,python,"Given Python's Method Resolution Order (MRO), in which order does Python search for a method in this diamond inheritance? ```python class A: def who(self): return 'A' class B(A): def who(self): return 'B' class C(A): def who(self): return 'C' class D(B, C): pass print(D().who()) ```","[""'B'"", ""'A'"", ""'C'"", ""A TypeError due to ambiguous MRO""]",'B',"[""hard""]"
Python Functions & Lambdas,Python,python,"What is the output of this code? ```python class Counter: count = 0 def __init__(self): Counter.count += 1 a = Counter() b = Counter() c = Counter() print(a.count, Counter.count) ```","[""1 3"", ""1 1"", ""3 3"", ""0 3""]",3 3,"[""medium""]"
Python Functions & Lambdas,Python,python,Which statement about `self` in Python class methods is correct?,"[""self is a reserved keyword in Python"", ""self must always be the last parameter"", ""self refers to the class, not the instance"", ""self is a naming convention for the instance reference, not a keyword""]","self is a naming convention for the instance reference, not a keyword","[""easy""]"
Python Functions & Lambdas,Python,python,What does `super()` without arguments resolve to inside a method of a class defined as `class Child(Parent)`?,"[""A proxy that delegates to the next class in the MRO"", ""The Parent class object itself"", ""A new instance of the Parent class"", ""The __init__ method of the Parent class""]",A proxy that delegates to the next class in the MRO,"[""medium""]"
Python Functions & Lambdas,Python,python,"What is the output of this code? ```python class Book: def __init__(self, title): self.title = title def __str__(self): return f'Book: {self.title}' def __repr__(self): return f'Book(""{self.title}"")' b = Book('Dune') print([b]) ```","[""[Book: Dune]"", ""[Book(\""Dune\"")]"", ""[]"", ""['Dune']""]","[Book(""Dune"")]","[""medium""]"
Python Functions & Lambdas,Python,python,"What does implementing `__eq__` on a class affect besides the `==` operator? ```python class Point: def __init__(self, x, y): self.x, self.y = x, y def __eq__(self, other): return self.x == other.x and self.y == other.y ```","[""It also automatically implements __ne__ (!=) and __hash__"", ""It makes instances unhashable unless __hash__ is also defined"", ""It changes how the `is` operator works"", ""It has no side effects beyond enabling ==""]",It makes instances unhashable unless __hash__ is also defined,"[""hard""]"
Python Functions & Lambdas,Python,python,"What is the output of this code? ```python class Sentence: def __init__(self, text): self.words = text.split() def __len__(self): return len(self.words) def __getitem__(self, index): return self.words[index] s = Sentence('the quick brown fox') print(len(s), s[2]) ```","[""20 brown"", ""4 quick"", ""4 brown"", ""3 brown""]",4 brown,"[""medium""]"
Python Functions & Lambdas,Python,python,"What happens when you implement `__getitem__` on a class but NOT `__iter__`? ```python class MySeq: def __init__(self, data): self.data = data def __getitem__(self, idx): return self.data[idx] for item in MySeq([10, 20, 30]): print(item) ```","[""A TypeError because the object is not iterable"", ""An infinite loop"", ""It prints 10, 20, 30 — Python falls back to __getitem__ for iteration"", ""It prints the MySeq object's memory address three times""]","It prints 10, 20, 30 — Python falls back to __getitem__ for iteration","[""hard""]"
Python Functions & Lambdas,Python,python,What does `__repr__` return if only `__str__` is defined on a class? ```python class Foo: def __str__(self): return 'I am Foo' f = Foo() print(repr(f)) ```,"[""'I am Foo'"", ""'Foo()'"", ""The default object repr like ''"", ""A TypeError because __repr__ is not defined""]",The default object repr like '',"[""hard""]"
Python Advanced Patterns & Testing,Python,python,"What is the output of this code using Python 3.10+ structural pattern matching? ```python command = ['move', 10, 20] match command: case ['move', x, y] if x > 0 and y > 0: result = f'Moving to ({x}, {y})' case ['move', x, y]: result = f'Invalid move ({x}, {y})' case _: result = 'Unknown command' print(result) ```","[""Moving to (10, 20)"", ""Invalid move (10, 20)"", ""Unknown command"", ""SyntaxError: invalid match statement""]","Moving to (10, 20)","[""expert""]"
Python Advanced Patterns & Testing,Python,python,"What does the walrus operator (`:=`) enable in this code? ```python data = [1, 2, 3, 4, 5, 6, 7, 8, 9, 10] filtered = [y for x in data if (y := x ** 2) > 20] print(filtered) ```","[""[25, 36, 49, 64, 81, 100]"", ""[5, 6, 7, 8, 9, 10]"", ""SyntaxError: walrus operator not allowed in comprehensions"", ""[25, 36, 49, 64, 81, 100, 25, 36, 49, 64, 81, 100]""]","[25, 36, 49, 64, 81, 100]","[""expert""]"
Python Advanced Patterns & Testing,Python,python,Which `typing` construct correctly defines a structural (duck-typing) interface in Python 3.8+? ```python # Option A class Drawable(Protocol): def draw(self) -> None: ... # Option B class Drawable(ABC): @abstractmethod def draw(self) -> None: ... ```,"[""Option A: Protocol enables structural subtyping without explicit inheritance"", ""Option B: ABC is the only way to define interfaces in Python"", ""Both are identical — Protocol and ABC work the same way"", ""Option A: but only at runtime, not with static type checkers""]",Option A: Protocol enables structural subtyping without explicit inheritance,"[""expert""]"
Python Advanced Patterns & Testing,Python,python,"What is the output of this `dataclass` code? ```python from dataclasses import dataclass, field @dataclass class Config: name: str tags: list[str] = field(default_factory=list) version: int = 1 c1 = Config('app') c2 = Config('app') c1.tags.append('prod') print(c2.tags) print(c1 == c2) ```","[""['prod'] then True"", ""[] then False"", ""[] then True"", ""[]\\nFalse""]",[]\nFalse,"[""expert""]"
Python Advanced Patterns & Testing,Python,python,"Which type annotation correctly represents a function that accepts either a `str` or `bytes` and returns the same type it received? ```python from typing import TypeVar, Union, overload ```","[""def process(data: Union[str, bytes]) -> Union[str, bytes]"", ""T = TypeVar('T', str, bytes); def process(data: T) -> T"", ""def process(data: str | bytes) -> str | bytes"", ""def process(data: Any) -> Any""]","T = TypeVar('T', str, bytes); def process(data: T) -> T","[""expert""]"
Python Advanced Patterns & Testing,Python,python,"What is the correct way to parametrize a pytest test to run with multiple inputs? ```python import pytest # Which decorator is correct? def test_square(input_val, expected): assert input_val ** 2 == expected ```","[""@pytest.parametrize('input_val,expected', [(2, 4), (3, 9)])"", ""@pytest.mark.parametrize('input_val,expected', [(2, 4), (3, 9)])"", ""@pytest.fixture(params=[(2, 4), (3, 9)])"", ""@pytest.mark.params('input_val,expected', [(2, 4), (3, 9)])""]","@pytest.mark.parametrize('input_val,expected', [(2, 4), (3, 9)])","[""medium""]"
Python Advanced Patterns & Testing,Python,python,What does `unittest.mock.patch` do when used as a decorator? ```python from unittest.mock import patch @patch('myapp.service.requests.get') def test_fetch_data(mock_get): mock_get.return_value.status_code = 200 mock_get.return_value.json.return_value = {'key': 'value'} result = myapp.service.fetch_data() assert result == {'key': 'value'} ```,"[""It permanently replaces requests.get in the module for all subsequent tests"", ""It replaces the target with a MagicMock for the test's duration and passes it as an argument"", ""It temporarily replaces the named attribute with a MagicMock, restoring it after the test"", ""It intercepts network calls and records them for later replay""]","It temporarily replaces the named attribute with a MagicMock, restoring it after the test","[""hard""]"
Python Advanced Patterns & Testing,Python,python,Which `pdb` command lets you execute the current line and stop at the first possible occasion in a called function? ``` > myapp.py(10)process() -> result = compute(data) (Pdb) ??? ```,"[""n (next)"", ""c (continue)"", ""s (step)"", ""s (step) — enters the called function and stops at its first line""]",s (step) — enters the called function and stops at its first line,"[""expert""]"
Python Advanced Patterns & Testing,Python,python,What is the purpose of `pytest.raises` used as a context manager? ```python import pytest def test_division_by_zero(): with pytest.raises(ZeroDivisionError) as exc_info: result = 1 / 0 assert 'division by zero' in str(exc_info.value) ```,"[""It suppresses the exception silently so the test continues"", ""It asserts the exception is raised and captures it for inspection via exc_info"", ""It catches the exception and converts it to a warning"", ""It re-raises the exception after logging it""]",It asserts the exception is raised and captures it for inspection via exc_info,"[""hard""]"
Python Advanced Patterns & Testing,Python,python,Which Python profiling tool shows a line-by-line execution time breakdown of a specific function? ```python # You want to find which line in process_data() is slowest def process_data(items): cleaned = [sanitize(i) for i in items] # line 1 grouped = group_by_key(cleaned) # line 2 result = aggregate(grouped) # line 3 return result ```,"[""cProfile — it provides line-by-line timing by default"", ""timeit — run each line separately to compare"", ""line_profiler with @profile decorator — gives per-line timing"", ""memory_profiler — it also reports line execution times""]",line_profiler with @profile decorator — gives per-line timing,"[""expert""]"
TypeScript Advanced Types & Generics,Programming,"typescript,generics,advanced-types,utility-types","What does the following generic constraint enforce? ```ts function getProperty(obj: T, key: K): T[K] { return obj[key]; } ```","[""K must be a string type"", ""K must be a valid key of type T, and the return type matches that property's type"", ""T must extend K"", ""K must be a numeric index of T""]","K must be a valid key of type T, and the return type matches that property's type","[""hard""]"
TypeScript Advanced Types & Generics,Programming,"typescript,generics,advanced-types,utility-types","What type does `Result` resolve to? ```ts type IsString = T extends string ? ""yes"" : ""no""; type Result = IsString; ```","[""\""yes\"""", ""\""no\"""", ""\""yes\"" | \""no\"""", ""boolean""]","""yes"" | ""no""","[""hard""]"
TypeScript Advanced Types & Generics,Programming,"typescript,generics,advanced-types,utility-types",What does the following mapped type produce? ```ts type Optional = { [P in keyof T]?: T[P]; }; type User = { name: string; age: number }; type OptionalUser = Optional; ```,"[""{ name: string; age: number }"", ""Readonly"", ""{ name: string | undefined; age: number | undefined }"", ""{ name?: string; age?: number }""]",{ name?: string; age?: number },"[""hard""]"
TypeScript Advanced Types & Generics,Programming,"typescript,generics,advanced-types,utility-types",What does the `infer` keyword do in this conditional type? ```ts type ReturnType = T extends (...args: any[]) => infer R ? R : never; type Result = ReturnType string>; ```,"[""It explicitly declares R as a generic parameter"", ""It validates that the function returns a specific type"", ""It creates a runtime type check for the return value"", ""It captures and extracts the return type from the function signature during type evaluation""]",It captures and extracts the return type from the function signature during type evaluation,"[""hard""]"
TypeScript Advanced Types & Generics,Programming,"typescript,generics,advanced-types,utility-types",What is the type of `picked` in the following code? ```ts interface Todo { title: string; description: string; completed: boolean; createdAt: Date; } type picked = Pick; ```,"[""{ title: string; completed: boolean }"", ""{ description: string; createdAt: Date }"", ""{ title: string; description: string; completed: boolean; createdAt: Date }"", ""\""title\"" | \""completed\""""]",{ title: string; completed: boolean },"[""hard""]"
TypeScript Advanced Types & Generics,Programming,"typescript,generics,advanced-types,utility-types",What type does `EventName` resolve to? ```ts type EventName = `${T}Changed`; type Result = EventName; ```,"[""\""user\"" | \""post\"""", ""string"", ""\""userChanged\"" | \""postChanged\"""", ""`${string}Changed`""]","""userChanged"" | ""postChanged""","[""hard""]"
TypeScript Advanced Types & Generics,Programming,"typescript,generics,advanced-types,utility-types",Which code correctly uses `Record` to type a dictionary mapping string keys to arrays of numbers?,"[""const scores: Record = { math: [90, 85], science: [78] };"", ""const scores: Record = { [90, 85]: \""math\"" };"", ""const scores: Record = { math: [90, 85] };"", ""const scores: Record = { math: [90, 85] };""]","const scores: Record = { math: [90, 85], science: [78] };","[""hard""]"
TypeScript Advanced Types & Generics,Programming,"typescript,generics,advanced-types,utility-types","What is the type of `value` in the `default` branch? ```ts type Shape = | { kind: ""circle""; radius: number } | { kind: ""square""; side: number } | { kind: ""triangle""; base: number; height: number }; function area(shape: Shape) { switch (shape.kind) { case ""circle"": return Math.PI * shape.radius ** 2; case ""square"": return shape.side ** 2; default: // What is shape's type here? } } ```","[""Shape"", ""never"", ""{ kind: \""triangle\""; base: number; height: number }"", ""{ kind: \""circle\"" | \""square\"" | \""triangle\"" }""]","{ kind: ""triangle""; base: number; height: number }","[""hard""]"
TypeScript Advanced Types & Generics,Programming,"typescript,generics,advanced-types,utility-types",What does `Exclude` produce in this example? ```ts type AllTypes = string | number | boolean | null | undefined; type NonNullable = Exclude; ```,"[""string | number | boolean"", ""string | number | boolean | null | undefined"", ""null | undefined"", ""never""]",string | number | boolean,"[""hard""]"
TypeScript Advanced Types & Generics,Programming,"typescript,generics,advanced-types,utility-types","What is the type of `keys` in the following code? ```ts const config = { host: ""localhost"", port: 3000, debug: true } as const; type Keys = typeof config; ```","[""{ host: string; port: number; debug: boolean }"", ""{ readonly host: \""localhost\""; readonly port: 3000; readonly debug: true }"", ""{ host: \""localhost\""; port: 3000; debug: true }"", ""Readonly""]","{ readonly host: ""localhost""; readonly port: 3000; readonly debug: true }","[""hard""]"
Dynamic Programming & Greedy Algorithms,Programming,"algorithms,dynamic-programming,greedy,optimization",What are the two key properties a problem must exhibit for dynamic programming to be applicable?,"[""Overlapping subproblems and optimal substructure"", ""Greedy choice property and optimal substructure"", ""Divide-and-conquer structure and polynomial time"", ""Memoization capability and constant space usage""]",Overlapping subproblems and optimal substructure,"[""medium""]"
Dynamic Programming & Greedy Algorithms,Programming,"algorithms,dynamic-programming,greedy,optimization",You compute Fibonacci(50) using naive recursion. Approximately how many function calls are made versus using memoization?,"[""About 50 calls for both — recursion depth is the same"", ""About 2,500 naive vs 50 memoized"", ""About 10^6 naive vs 100 memoized"", ""About 10^15 naive vs 51 memoized""]",About 10^15 naive vs 51 memoized,"[""medium""]"
Dynamic Programming & Greedy Algorithms,Programming,"algorithms,dynamic-programming,greedy,optimization",What is the primary difference between memoization (top-down) and tabulation (bottom-up) in dynamic programming?,"[""Memoization is always faster because it avoids unnecessary subproblems"", ""Tabulation uses recursion while memoization uses iteration"", ""Memoization solves subproblems recursively on demand; tabulation solves them iteratively from the bottom up"", ""They are identical — the terms are interchangeable""]",Memoization solves subproblems recursively on demand; tabulation solves them iteratively from the bottom up,"[""medium""]"
Dynamic Programming & Greedy Algorithms,Programming,"algorithms,dynamic-programming,greedy,optimization","In the 0/1 knapsack problem with n items and capacity W, what is the time and space complexity of the standard DP solution?","[""Time O(n × W), Space O(n × W)"", ""Time O(2^n), Space O(n)"", ""Time O(n log W), Space O(n)"", ""Time O(n²), Space O(n²)""]","Time O(n × W), Space O(n × W)","[""hard""]"
Dynamic Programming & Greedy Algorithms,Programming,"algorithms,dynamic-programming,greedy,optimization",The Longest Common Subsequence (LCS) of 'ABCBDAB' and 'BDCAB' has what length?,"[""3"", ""4"", ""5"", ""6""]",4,"[""hard""]"
Dynamic Programming & Greedy Algorithms,Programming,"algorithms,dynamic-programming,greedy,optimization","You need to make change for 37 cents using coins of denominations [1, 5, 10, 25]. A greedy approach (always pick the largest coin that fits) gives 25+10+1+1 = 4 coins. Is greedy optimal here, and why?","[""No — greedy never works for coin change problems"", ""Yes — greedy is always optimal for any coin denomination set"", ""Yes — greedy works for US coins due to their denomination structure, but fails for arbitrary coin sets"", ""No — DP gives 3 coins using 25+10+1+1""]","Yes — greedy works for US coins due to their denomination structure, but fails for arbitrary coin sets","[""medium""]"
Dynamic Programming & Greedy Algorithms,Programming,"algorithms,dynamic-programming,greedy,optimization",When does a greedy algorithm guarantee an optimal solution?,"[""Whenever the problem can be divided into subproblems"", ""When the problem has both the greedy choice property and optimal substructure"", ""When the input is sorted beforehand"", ""When the problem has overlapping subproblems""]",When the problem has both the greedy choice property and optimal substructure,"[""hard""]"
Dynamic Programming & Greedy Algorithms,Programming,"algorithms,dynamic-programming,greedy,optimization","The edit distance (Levenshtein distance) between 'kitten' and 'sitting' is computed using DP. What operations does it consider, and what is the result?","[""Insert and delete only; distance is 4"", ""Substitute only; distance is 5"", ""Insert, delete, substitute, and transpose; distance is 2"", ""Insert, delete, and substitute; distance is 3""]","Insert, delete, and substitute; distance is 3","[""hard""]"
Dynamic Programming & Greedy Algorithms,Programming,"algorithms,dynamic-programming,greedy,optimization","In the activity selection problem, you have n activities with start and finish times. The greedy approach that always selects the activity with the earliest finish time is provably optimal. Why does selecting the shortest activity duration NOT work?","[""A short activity can block two or more non-overlapping activities that together would be a better choice"", ""Short activities always overlap with more other activities"", ""Duration-based selection is optimal but harder to implement"", ""Shortest duration works for intervals but not for activities""]",A short activity can block two or more non-overlapping activities that together would be a better choice,"[""hard""]"
Dynamic Programming & Greedy Algorithms,Programming,"algorithms,dynamic-programming,greedy,optimization","Huffman coding is a greedy algorithm for data compression. Given character frequencies A:45, B:13, C:12, D:16, E:9, F:5, which two characters are combined first in building the Huffman tree?","[""A and B (highest frequencies should merge first)"", ""C and D (middle frequencies balance the tree)"", ""E and F (the two lowest frequencies are merged first)"", ""B and C (closest frequencies should merge first)""]",E and F (the two lowest frequencies are merged first),"[""hard""]"
Rust Ownership & Fundamentals,Programming,"rust,ownership,borrowing,basics","What happens when this Rust code runs? ```rust let s1 = String::from(""hello""); let s2 = s1; println!(""{}"", s1); ```","[""It prints \""hello\"" because String implements Copy"", ""It prints \""hello\"" twice — once for s2 and once for s1"", ""Compilation error: s1 has been moved and cannot be used"", ""Runtime panic due to double-free of the heap memory""]",Compilation error: s1 has been moved and cannot be used,"[""medium""]"
Rust Ownership & Fundamentals,Programming,"rust,ownership,borrowing,basics",Which of the following correctly describes the difference between `String` and `&str` in Rust?,"[""String is always stack-allocated while &str is heap-allocated"", ""String is an owned, growable heap-allocated string; &str is a borrowed immutable reference to a string slice"", ""String and &str are interchangeable aliases for the same underlying type"", ""&str owns its data but cannot be resized, while String is a borrowed view""]","String is an owned, growable heap-allocated string; &str is a borrowed immutable reference to a string slice","[""medium""]"
Rust Ownership & Fundamentals,Programming,"rust,ownership,borrowing,basics","Given this function signature, what is the borrowing rule being applied? ```rust fn calculate(data: &Vec) -> i32 { ... } ```","[""The function takes ownership of the Vec and must return it"", ""The function receives a mutable reference and can modify the Vec"", ""The function copies the entire Vec into its own stack frame"", ""The function borrows an immutable reference — the caller retains ownership""]",The function borrows an immutable reference — the caller retains ownership,"[""easy""]"
Rust Ownership & Fundamentals,Programming,"rust,ownership,borrowing,basics",What does the Rust compiler enforce about mutable references?,"[""You can have multiple &mut references as long as they're in different scopes"", ""You can have one &mut and multiple & references simultaneously if you don't write through &mut"", ""You can have at most one &mut reference, and no & references can coexist with it"", ""Mutable references are only checked at runtime via a borrow counter""]","You can have at most one &mut reference, and no & references can coexist with it","[""medium""]"
Rust Ownership & Fundamentals,Programming,"rust,ownership,borrowing,basics","What does the lifetime annotation `'a` mean in this function? ```rust fn longest(x: &'a str, y: &'a str) -> &'a str { if x.len() > y.len() { x } else { y } } ```","[""Both x and y must have the exact same lifetime in the calling code"", ""The returned reference lives as long as the shorter of the two input lifetimes"", ""The lifetime 'a extends the lifetime of x and y to match the return value"", ""The annotation allocates both strings on the heap so they live forever""]",The returned reference lives as long as the shorter of the two input lifetimes,"[""hard""]"
Rust Ownership & Fundamentals,Programming,"rust,ownership,borrowing,basics","What is the output of this code? ```rust enum Coin { Penny, Nickel, Dime, Quarter(String), } let coin = Coin::Quarter(String::from(""Alaska"")); match coin { Coin::Penny => println!(""1""), Coin::Quarter(state) => println!(""25 from {}"", state), _ => println!(""other""), } ```","[""Prints \""1\"""", ""Prints \""other\"""", ""Compilation error because match is not exhaustive"", ""Prints \""25 from Alaska\""""]","Prints ""25 from Alaska""","[""medium""]"
Rust Ownership & Fundamentals,Programming,"rust,ownership,borrowing,basics",Which method safely handles a potential `None` value by providing a default? ```rust let port: Option = None; let actual_port = ???; ```,"[""port.unwrap() — it returns 0 for None"", ""port.unwrap_or(8080) — returns the value or the provided default"", ""port.expect(8080) — converts None to the default"", ""port.or_default() — uses the type's default value""]",port.unwrap_or(8080) — returns the value or the provided default,"[""easy""]"
Rust Ownership & Fundamentals,Programming,"rust,ownership,borrowing,basics","What does this Rust code demonstrate? ```rust struct Circle { radius: f64, } impl Circle { fn area(&self) -> f64 { std::f64::consts::PI * self.radius * self.radius } fn new(radius: f64) -> Circle { Circle { radius } } } ```","[""A trait definition with a default implementation"", ""An impl block with a method (&self) and an associated function (constructor)"", ""An abstract class with virtual methods"", ""A macro that generates struct methods at compile time""]",An impl block with a method (&self) and an associated function (constructor),"[""easy""]"
Rust Ownership & Fundamentals,Programming,"rust,ownership,borrowing,basics","What does the `Result` type represent, and how does the `?` operator work with it?","[""Result is a boolean wrapper; ? converts it to true/false"", ""Result holds success or failure; ? panics on Err with a stack trace"", ""Result holds Ok(T) or Err(E); ? unwraps Ok or early-returns the Err"", ""Result is an alias for Option; ? converts None to a default value""]",Result holds Ok(T) or Err(E); ? unwraps Ok or early-returns the Err,"[""medium""]"
Rust Ownership & Fundamentals,Programming,"rust,ownership,borrowing,basics","Which trait must a type implement to be printable with `println!(""{}"", value)`?","[""std::fmt::Debug"", ""std::string::ToString"", ""serde::Serialize"", ""std::fmt::Display""]",std::fmt::Display,"[""easy""]"
C++ Core Concepts,Programming,"cpp,pointers,oop,memory",What is the output of this code? ```cpp int x = 10; int* ptr = &x; int& ref = x; ref = 20; std::cout << *ptr << std::endl; ```,"[""10 — ptr still holds the original value"", ""20 — ref modified x, and ptr points to x"", ""Undefined behavior — mixing pointers and references"", ""Compilation error — cannot have both a pointer and reference to the same variable""]","20 — ref modified x, and ptr points to x","[""easy""]"
C++ Core Concepts,Programming,"cpp,pointers,oop,memory","What is wrong with this code? ```cpp int* createArray() { int arr[5] = {1, 2, 3, 4, 5}; return arr; } ```","[""Arrays cannot be returned from functions in C++"", ""The array should be declared as const to be returned"", ""It returns a pointer to a stack-local array that becomes invalid after the function returns"", ""The initialization syntax {1,2,3,4,5} is invalid for stack arrays""]",It returns a pointer to a stack-local array that becomes invalid after the function returns,"[""medium""]"
C++ Core Concepts,Programming,"cpp,pointers,oop,memory","What does RAII stand for, and what problem does it solve in C++?","[""Resource Acquisition Is Initialization — ties resource cleanup to object destruction to prevent leaks"", ""Runtime Allocation Is Implicit — the compiler automatically allocates heap memory"", ""Reference And Interface Inheritance — a design pattern for polymorphism"", ""Recursive Array Index Iteration — a technique for traversing nested containers""]",Resource Acquisition Is Initialization — ties resource cleanup to object destruction to prevent leaks,"[""medium""]"
C++ Core Concepts,Programming,"cpp,pointers,oop,memory",When is the copy constructor called in C++? ```cpp class Widget { public: Widget(const Widget& other); }; ```,"[""Only when explicitly calling Widget::copy()"", ""When an object is passed by value, returned by value, or initialized from another object"", ""Every time two Widget objects are compared with =="", ""Only when the object is allocated on the heap with new""]","When an object is passed by value, returned by value, or initialized from another object","[""medium""]"
C++ Core Concepts,Programming,"cpp,pointers,oop,memory","What is the ""Rule of Three"" in C++?","[""A class should have at most three public methods to maintain encapsulation"", ""Every class must inherit from at most three base classes"", ""If you define a destructor, you likely also need a copy constructor and copy assignment operator"", ""Three levels of access control (public, private, protected) must each have members""]","If you define a destructor, you likely also need a copy constructor and copy assignment operator","[""medium""]"
C++ Core Concepts,Programming,"cpp,pointers,oop,memory",What does the `virtual` keyword enable in this code? ```cpp class Animal { public: virtual void speak() { std::cout speak(); ```,"[""It makes the function inline for performance optimization"", ""It prevents Dog from overriding the speak() method"", ""It enables runtime polymorphism — a->speak() calls Dog::speak() via the vtable"", ""It allocates speak() on the heap instead of the stack""]",It enables runtime polymorphism — a->speak() calls Dog::speak() via the vtable,"[""medium""]"
C++ Core Concepts,Programming,"cpp,pointers,oop,memory",What kind of inheritance does `class Derived : private Base` provide?,"[""Base's public members remain public in Derived, but protected ones become private"", ""All Base members become private in Derived — external code cannot access Base's interface through Derived"", ""Derived can only access Base's private members, not public or protected ones"", ""It behaves identically to public inheritance but disables virtual dispatch""]",All Base members become private in Derived — external code cannot access Base's interface through Derived,"[""hard""]"
C++ Core Concepts,Programming,"cpp,pointers,oop,memory","What does this template function do? ```cpp template T maximum(T a, T b) { return (a > b) ? a : b; } ``` What happens when you call `maximum(3, 4.5)`?","[""Returns 4.5 — the compiler automatically promotes int to double"", ""Returns 4 — the compiler truncates double to int"", ""Compilation error — T cannot be deduced because the argument types differ (int vs double)"", ""Returns 3 — integer comparison is used since the first argument is int""]",Compilation error — T cannot be deduced because the argument types differ (int vs double),"[""medium""]"
C++ Core Concepts,Programming,"cpp,pointers,oop,memory",What does `const` mean in each position of this declaration? ```cpp const int* const ptr = &value; ```,"[""Both consts mean the same thing — the data is read-only"", ""The pointer cannot be reassigned, and the pointed-to value cannot be modified through it"", ""The value is compile-time constant, and the pointer is allocated at program start"", ""The first const applies at runtime, the second at compile time""]","The pointer cannot be reassigned, and the pointed-to value cannot be modified through it","[""medium""]"
C++ Core Concepts,Programming,"cpp,pointers,oop,memory","Which statement about C++ namespaces is correct? ```cpp namespace math { int add(int a, int b) { return a + b; } } namespace physics { int add(int force, int mass) { return force + mass; } } ```","[""This code won't compile because two functions named 'add' exist"", ""Namespaces are only used for classes, not free functions"", ""The functions must be declared static to exist in separate namespaces"", ""Namespaces prevent name collisions — math::add and physics::add are distinct functions""]",Namespaces prevent name collisions — math::add and physics::add are distinct functions,"[""easy""]"
"Arrays, Stacks, Queues & Linked Lists",Programming,"data-structures,arrays,linked-lists,stacks",You need to access the 500th element in a collection of 1000 items as fast as possible. Which data structure gives you the best performance for this operation?,"[""Array"", ""Singly linked list"", ""Doubly linked list"", ""Stack""]",Array,"[""easy""]"
"Arrays, Stacks, Queues & Linked Lists",Programming,"data-structures,arrays,linked-lists,stacks","A web browser stores your navigation history so you can click ""Back"" to return to the previous page. Which data structure best models this behavior?","[""Queue"", ""Stack"", ""Array"", ""Circular linked list""]",Stack,"[""easy""]"
"Arrays, Stacks, Queues & Linked Lists",Programming,"data-structures,arrays,linked-lists,stacks","In a singly linked list, you want to delete a node that comes right after a given node `prev`. Which pointer update correctly removes it?","[""prev.next = prev"", ""prev = prev.next.next"", ""prev.next = prev.next.next"", ""prev.next.next = prev.next""]",prev.next = prev.next.next,"[""easy""]"
"Arrays, Stacks, Queues & Linked Lists",Programming,"data-structures,arrays,linked-lists,stacks",A print spooler processes documents in the order they were submitted. Which data structure should it use to manage the queue of print jobs?,"[""Stack"", ""Doubly linked list"", ""Binary tree"", ""Queue""]",Queue,"[""easy""]"
"Arrays, Stacks, Queues & Linked Lists",Programming,"data-structures,arrays,linked-lists,stacks",A dynamic array (like Python's list or Java's ArrayList) is full and you append one more element. What typically happens behind the scenes?,"[""A new array with more capacity is allocated and elements are copied over"", ""The element is stored in a separate overflow linked list"", ""The array shifts all elements left to make room at the end"", ""An error is thrown because the array is full""]",A new array with more capacity is allocated and elements are copied over,"[""easy""]"
"Arrays, Stacks, Queues & Linked Lists",Programming,"data-structures,arrays,linked-lists,stacks","What is the time complexity of inserting a new element at the beginning of a singly linked list, assuming you have a reference to the head?","[""O(n)"", ""O(1)"", ""O(log n)"", ""O(n log n)""]",O(1),"[""easy""]"
"Arrays, Stacks, Queues & Linked Lists",Programming,"data-structures,arrays,linked-lists,stacks","You push the values 10, 20, and 30 onto an empty stack in that order, then pop twice. What value is now on top of the stack?","[""30"", ""20"", ""10"", ""The stack is empty""]",10,"[""easy""]"
"Arrays, Stacks, Queues & Linked Lists",Programming,"data-structures,arrays,linked-lists,stacks",What advantage does a doubly linked list have over a singly linked list?,"[""It uses less memory per node"", ""It provides O(1) random access by index"", ""It can only be traversed from head to tail"", ""It can be traversed in both forward and backward directions""]",It can be traversed in both forward and backward directions,"[""easy""]"
"Arrays, Stacks, Queues & Linked Lists",Programming,"data-structures,arrays,linked-lists,stacks","In a circular queue implemented with an array of size 5, the front is at index 3 and the rear is at index 1. How many elements are currently in the queue?","[""2"", ""3"", ""4"", ""5""]",3,"[""easy""]"
"Arrays, Stacks, Queues & Linked Lists",Programming,"data-structures,arrays,linked-lists,stacks",You need to frequently insert and remove elements from both the front and back of a collection. Which data structure is the best fit?,"[""Stack"", ""Singly linked list"", ""Deque (double-ended queue)"", ""Static array""]",Deque (double-ended queue),"[""easy""]"
"Trees, Heaps & Hash Tables",Programming,"data-structures,trees,hash-tables,heaps","You perform an inorder traversal on a BST and get [3, 5, 7, 10, 12, 15]. A node with value 8 is then inserted. What is the inorder traversal now?","[""[3, 5, 7, 10, 8, 12, 15]"", ""[3, 5, 7, 8, 10, 12, 15]"", ""[3, 5, 8, 7, 10, 12, 15]"", ""[8, 3, 5, 7, 10, 12, 15]""]","[3, 5, 7, 8, 10, 12, 15]","[""hard""]"
"Trees, Heaps & Hash Tables",Programming,"data-structures,trees,hash-tables,heaps",An AVL tree performs a rotation after inserting a node. Which scenario specifically requires a left-right (LR) double rotation?,"[""A node is inserted into the left subtree of the left child, causing a balance factor of +2"", ""A node is inserted into the right subtree of the right child, causing a balance factor of -2"", ""A node is inserted into the left subtree of the right child, causing a balance factor of -2"", ""A node is inserted into the right subtree of the left child, causing a balance factor of +2""]","A node is inserted into the right subtree of the left child, causing a balance factor of +2","[""hard""]"
"Trees, Heaps & Hash Tables",Programming,"data-structures,trees,hash-tables,heaps","Given a binary tree's preorder traversal [A, B, D, E, C, F] and inorder traversal [D, B, E, A, C, F], which node is the right child of the root?","[""C"", ""B"", ""F"", ""E""]",C,"[""hard""]"
"Trees, Heaps & Hash Tables",Programming,"data-structures,trees,hash-tables,heaps","You have a max-heap stored as an array: [90, 80, 70, 50, 60, 65, 30]. After extracting the maximum element, what does the array look like after heapify completes?","[""[80, 70, 65, 50, 60, 30]"", ""[80, 70, 60, 50, 65, 30]"", ""[80, 60, 70, 50, 30, 65]"", ""[80, 60, 65, 50, 30, 70]""]","[80, 60, 70, 50, 30, 65]","[""hard""]"
"Trees, Heaps & Hash Tables",Programming,"data-structures,trees,hash-tables,heaps","A hash table uses open addressing with linear probing and has size 7. Keys are hashed using h(k) = k mod 7. After inserting 5, 12, and 19 in that order, at which index is 19 stored?","[""Index 5"", ""Index 0"", ""Index 6"", ""Index 1""]",Index 0,"[""hard""]"
"Trees, Heaps & Hash Tables",Programming,"data-structures,trees,hash-tables,heaps","In a Red-Black tree, which combination of properties guarantees that the longest path from root to any leaf is at most twice the shortest path?","[""Equal black-height on all paths and no two consecutive red nodes"", ""The root must be black and all leaves must be red"", ""Every red node must have exactly two black children and the tree must be complete"", ""Black nodes must outnumber red nodes and the root alternates color on insertion""]",Equal black-height on all paths and no two consecutive red nodes,"[""hard""]"
"Trees, Heaps & Hash Tables",Programming,"data-structures,trees,hash-tables,heaps",You're implementing an autocomplete system that needs to find all words starting with a given prefix efficiently. Which data structure provides the best time complexity for prefix lookups?,"[""Balanced BST storing full strings, with O(n log n) prefix search"", ""Hash table with prefix keys, achieving O(1) per lookup but requiring all prefixes precomputed"", ""Min-heap ordered alphabetically, with O(n) prefix scan"", ""Trie, achieving O(p + k) where p is prefix length and k is number of matches""]","Trie, achieving O(p + k) where p is prefix length and k is number of matches","[""hard""]"
"Trees, Heaps & Hash Tables",Programming,"data-structures,trees,hash-tables,heaps","A hash table with chaining has n = 100 elements and m = 10 buckets. If you double the number of buckets and rehash, what happens to the expected search time for an unsuccessful lookup?","[""It stays the same because the number of elements hasn't changed"", ""It improves by a factor of 4 because doubling buckets squares the improvement"", ""It's roughly halved because the load factor drops from 10 to 5"", ""It becomes O(1) because each bucket now has at most one element""]",It's roughly halved because the load factor drops from 10 to 5,"[""hard""]"
"Trees, Heaps & Hash Tables",Programming,"data-structures,trees,hash-tables,heaps",Consider deleting a node with two children from a BST. You replace it with its inorder successor. Which property of the inorder successor makes this replacement valid?,"[""It is the smallest node in the right subtree, so it preserves the BST ordering invariant and has at most one child"", ""It is always a leaf node, so removing it has no cascading effects on tree structure"", ""It shares the same parent as the deleted node, maintaining the tree's height balance"", ""It is the closest value numerically to the deleted node, minimizing disruption to tree shape""]","It is the smallest node in the right subtree, so it preserves the BST ordering invariant and has at most one child","[""hard""]"
"Trees, Heaps & Hash Tables",Programming,"data-structures,trees,hash-tables,heaps",You need to repeatedly find and remove the minimum element from a dynamic collection while also supporting decrease-key operations. Which data structure combination gives optimal amortized complexity for both operations?,"[""Binary min-heap with O(log n) extract-min and O(log n) decrease-key"", ""Sorted linked list with O(1) extract-min and O(n) decrease-key"", ""BST with O(log n) for both operations but O(n) worst case if unbalanced"", ""Fibonacci heap with O(log n) amortized extract-min and O(1) amortized decrease-key""]",Fibonacci heap with O(log n) amortized extract-min and O(1) amortized decrease-key,"[""hard""]"
"AWS Cloud Essentials: EC2, S3, IAM & Core Services",Cloud,"aws,ec2,s3,iam","You need to run a web application that requires consistent, predictable performance on AWS. Which EC2 instance family is optimized for compute-intensive workloads like batch processing and high-performance web servers?","[""C (Compute Optimized)"", ""R (Memory Optimized)"", ""T (Burstable Performance)"", ""I (Storage Optimized)""]",C (Compute Optimized),"[""easy""]"
"AWS Cloud Essentials: EC2, S3, IAM & Core Services",Cloud,"aws,ec2,s3,iam",A company stores financial compliance documents that must be retained for 7 years but are almost never accessed. Which S3 storage class offers the lowest cost for this use case?,"[""S3 Standard"", ""S3 Glacier Deep Archive"", ""S3 One Zone-Infrequent Access"", ""S3 Intelligent-Tiering""]",S3 Glacier Deep Archive,"[""easy""]"
"AWS Cloud Essentials: EC2, S3, IAM & Core Services",Cloud,"aws,ec2,s3,iam","In AWS IAM, what is the recommended way to grant an EC2 instance permission to read objects from an S3 bucket without embedding credentials in the application code?","[""Create an IAM user and hard-code the access keys in the application"", ""Store the credentials in an environment variable on the instance"", ""Attach an IAM role to the EC2 instance via an instance profile"", ""Enable public access on the S3 bucket so no credentials are needed""]",Attach an IAM role to the EC2 instance via an instance profile,"[""medium""]"
"AWS Cloud Essentials: EC2, S3, IAM & Core Services",Cloud,"aws,ec2,s3,iam","Which component of a VPC acts as a virtual firewall at the subnet level, evaluating rules based on rule number order and supporting both allow and deny rules?","[""Internet Gateway"", ""Security Group"", ""NAT Gateway"", ""Network ACL""]",Network ACL,"[""medium""]"
"AWS Cloud Essentials: EC2, S3, IAM & Core Services",Cloud,"aws,ec2,s3,iam",A developer notices that their EC2 instance can make outbound HTTP requests but incoming SSH connections from their IP are being blocked. Security groups are stateful — what is the most likely issue?,"[""There is no inbound rule allowing SSH (port 22) from the developer's IP"", ""The outbound rules are blocking the SSH response"", ""Security groups cannot be applied to EC2 instances directly"", ""SSH traffic is always blocked by AWS and requires a support ticket""]",There is no inbound rule allowing SSH (port 22) from the developer's IP,"[""easy""]"
"AWS Cloud Essentials: EC2, S3, IAM & Core Services",Cloud,"aws,ec2,s3,iam","Your application needs a fully managed database that supports complex SQL queries, joins, and transactions. Which AWS service is the best fit?","[""Amazon ElastiCache"", ""Amazon RDS"", ""Amazon DynamoDB"", ""Amazon Redshift""]",Amazon RDS,"[""easy""]"
"AWS Cloud Essentials: EC2, S3, IAM & Core Services",Cloud,"aws,ec2,s3,iam",A media company wants to deliver video content to users worldwide with low latency. Which AWS service is specifically designed to cache and distribute content from edge locations closest to end users?,"[""AWS Global Accelerator"", ""Amazon API Gateway"", ""Amazon CloudFront"", ""AWS Direct Connect""]",Amazon CloudFront,"[""easy""]"
"AWS Cloud Essentials: EC2, S3, IAM & Core Services",Cloud,"aws,ec2,s3,iam","Which AWS service provides DNS management and can route traffic based on latency, geographic location, or health checks?","[""AWS CloudTrail"", ""Amazon VPC Peering"", ""Elastic Load Balancing"", ""Amazon Route 53""]",Amazon Route 53,"[""easy""]"
"AWS Cloud Essentials: EC2, S3, IAM & Core Services",Cloud,"aws,ec2,s3,iam",An architect is designing a highly available application on AWS. What is the relationship between AWS Regions and Availability Zones?,"[""A Region is a single data center; an Availability Zone is a rack within it"", ""A Region contains multiple isolated Availability Zones, each with one or more data centers"", ""Availability Zones and Regions are interchangeable terms for the same concept"", ""Each Availability Zone contains multiple Regions for redundancy""]","A Region contains multiple isolated Availability Zones, each with one or more data centers","[""easy""]"
"AWS Cloud Essentials: EC2, S3, IAM & Core Services",Cloud,"aws,ec2,s3,iam","Under the AWS Shared Responsibility Model, which of the following is the customer's responsibility rather than AWS's?","[""Physical security of data center facilities"", ""Maintenance of the underlying hypervisor infrastructure"", ""Configuring IAM policies and managing user access permissions"", ""Patching the firmware on the physical network infrastructure""]",Configuring IAM policies and managing user access permissions,"[""medium""]"
AWS Architecture & Advanced Services Quiz,Cloud,"aws,architecture,lambda,well-architected","A development team is building an event-driven application where an S3 upload must trigger multiple independent processing pipelines (thumbnail generation, metadata extraction, and audit logging). Which architecture best decouples the producers from consumers?","[""Configure S3 to send events directly to three separate Lambda functions"", ""Configure S3 to publish to an SNS topic that fans out to three SQS queues, each consumed by a separate Lambda"", ""Use a single SQS queue with three Lambda consumers reading from the same queue"", ""Use S3 Event Bridge rules to invoke a Step Functions state machine that calls all three Lambdas in parallel""]","Configure S3 to publish to an SNS topic that fans out to three SQS queues, each consumed by a separate Lambda","[""hard""]"
AWS Architecture & Advanced Services Quiz,Cloud,"aws,architecture,lambda,well-architected","You are designing an API Gateway REST API that calls a Lambda function. During peak traffic, users experience intermittent 429 errors. The Lambda function itself completes in under 100ms. What is the most likely cause?","[""The Lambda function's reserved concurrency is set too low"", ""The API Gateway stage has a memory allocation limit that is being exceeded"", ""The API Gateway account-level or stage-level throttling limits are being exceeded"", ""The Lambda function's execution role lacks permissions to be invoked by API Gateway""]",The API Gateway account-level or stage-level throttling limits are being exceeded,"[""hard""]"
AWS Architecture & Advanced Services Quiz,Cloud,"aws,architecture,lambda,well-architected","A company runs a containerized microservices application and needs fine-grained control over pod scheduling, custom networking plugins, and Helm chart deployments. They want AWS to manage the Kubernetes control plane. Which service should they choose?","[""Amazon ECS with EC2 launch type"", ""Amazon ECS with Fargate launch type"", ""Amazon EKS with managed node groups"", ""AWS App Runner""]",Amazon EKS with managed node groups,"[""medium""]"
AWS Architecture & Advanced Services Quiz,Cloud,"aws,architecture,lambda,well-architected","In the AWS Well-Architected Framework, which pillar specifically addresses the ability to run workloads effectively, gain insight into operations, and continuously improve processes and procedures?","[""Operational Excellence"", ""Reliability"", ""Performance Efficiency"", ""Sustainability""]",Operational Excellence,"[""medium""]"
AWS Architecture & Advanced Services Quiz,Cloud,"aws,architecture,lambda,well-architected","A team uses CloudFormation to manage infrastructure but wants to define resources using TypeScript with type safety, loops, and conditionals instead of writing YAML. Which AWS tool wraps CloudFormation and provides this capability?","[""AWS SAM (Serverless Application Model)"", ""AWS CloudFormation StackSets"", ""AWS Amplify CLI"", ""AWS CDK (Cloud Development Kit)""]",AWS CDK (Cloud Development Kit),"[""medium""]"
AWS Architecture & Advanced Services Quiz,Cloud,"aws,architecture,lambda,well-architected","An application stores user-uploaded media in S3. Files are frequently accessed for the first 30 days, occasionally accessed for the next 60 days, and rarely accessed after that but must be retained for 2 years. Which S3 lifecycle configuration minimizes cost while meeting these requirements?","[""Keep in S3 Standard for 30 days, transition to S3 One Zone-IA at 30 days, delete at 2 years"", ""Keep in S3 Standard for 30 days, transition to S3 Standard-IA at 30 days, transition to S3 Glacier Flexible Retrieval at 90 days, expire at 2 years"", ""Use S3 Intelligent-Tiering from day one with no lifecycle rules"", ""Keep in S3 Standard for 90 days, transition directly to S3 Glacier Deep Archive at 90 days, expire at 2 years""]","Keep in S3 Standard for 30 days, transition to S3 Standard-IA at 30 days, transition to S3 Glacier Flexible Retrieval at 90 days, expire at 2 years","[""hard""]"
AWS Architecture & Advanced Services Quiz,Cloud,"aws,architecture,lambda,well-architected","A Lambda function processes messages from an SQS queue. Some messages consistently fail and are retried repeatedly, consuming concurrency and blocking new messages. What should you implement to isolate these problematic messages?","[""Increase the Lambda function's timeout to give more time for processing"", ""Increase the SQS visibility timeout to reduce duplicate processing"", ""Set the Lambda reserved concurrency to a higher value"", ""Configure a dead-letter queue on the SQS queue with an appropriate maxReceiveCount""]",Configure a dead-letter queue on the SQS queue with an appropriate maxReceiveCount,"[""hard""]"
AWS Architecture & Advanced Services Quiz,Cloud,"aws,architecture,lambda,well-architected",A web application running on an Auto Scaling group behind an ALB experiences sudden traffic spikes that cause new instances to receive requests before they're ready. Users see 502 errors for several minutes. Which combination best addresses this?,"[""Configure a target group health check with a healthy threshold and set an instance warm-up period on the scaling policy"", ""Switch from Application Load Balancer to Network Load Balancer for faster routing"", ""Use scheduled scaling to pre-provision instances before anticipated traffic spikes"", ""Enable cross-zone load balancing and increase the deregistration delay""]",Configure a target group health check with a healthy threshold and set an instance warm-up period on the scaling policy,"[""hard""]"
AWS Architecture & Advanced Services Quiz,Cloud,"aws,architecture,lambda,well-architected",A team notices their monthly AWS bill has unexpectedly increased by 40%. They need to identify which services and usage types are driving the cost increase and set up alerts for future anomalies. Which combination of AWS tools provides the best approach?,"[""Use CloudWatch billing metrics with custom dashboards and SNS notifications"", ""Use AWS Trusted Advisor cost optimization checks and CloudTrail log analysis"", ""Use AWS Cost Explorer to analyze cost drivers by service and set up AWS Budgets with anomaly detection alerts"", ""Use the AWS Pricing Calculator to compare current costs against estimated costs""]",Use AWS Cost Explorer to analyze cost drivers by service and set up AWS Budgets with anomaly detection alerts,"[""hard""]"
AWS Architecture & Advanced Services Quiz,Cloud,"aws,architecture,lambda,well-architected","A production application uses CloudWatch for monitoring. The ops team wants to be alerted when the p99 latency of their API exceeds 2 seconds over any 5-minute window, but only if the request count is above 100 in that same window. Which CloudWatch feature supports this?","[""A composite alarm combining two separate metric alarms — one for p99 latency and one for request count"", ""A single CloudWatch alarm using a percentile statistic with a math expression"", ""A CloudWatch Logs Insights query scheduled to run every 5 minutes"", ""An EventBridge rule that evaluates both metrics using an input transformer""]",A composite alarm combining two separate metric alarms — one for p99 latency and one for request count,"[""hard""]"
Terraform Essentials: Infrastructure as Code Fundamentals,DevOps,"terraform,iac,hcl,infrastructure","You're writing your first Terraform configuration. Which block type declares a cloud service (e.g., AWS, Azure) that Terraform should download and use?","[""provider"", ""resource"", ""module"", ""backend""]",provider,"[""easy""]"
Terraform Essentials: Infrastructure as Code Fundamentals,DevOps,"terraform,iac,hcl,infrastructure","In HCL, how do you reference an attribute of a resource named 'aws_instance.web'?","[""${resource.aws_instance.web.id}"", ""aws_instance.web.id"", ""var.aws_instance.web.id"", ""output.aws_instance.web.id""]",aws_instance.web.id,"[""medium""]"
Terraform Essentials: Infrastructure as Code Fundamentals,DevOps,"terraform,iac,hcl,infrastructure",What happens when you run 'terraform plan' against an existing infrastructure?,"[""It immediately provisions any new resources defined in configuration"", ""It destroys resources that are no longer in the configuration"", ""It shows a preview of changes Terraform will make without modifying any infrastructure"", ""It refreshes the provider plugin cache and validates credentials""]",It shows a preview of changes Terraform will make without modifying any infrastructure,"[""easy""]"
Terraform Essentials: Infrastructure as Code Fundamentals,DevOps,"terraform,iac,hcl,infrastructure",You want to allow callers of your Terraform configuration to customize the AWS region. Which block type should you use to define this configurable value?,"[""local"", ""data"", ""output"", ""variable""]",variable,"[""medium""]"
Terraform Essentials: Infrastructure as Code Fundamentals,DevOps,"terraform,iac,hcl,infrastructure",A teammate accidentally deletes the terraform.tfstate file from your local machine with no remote backend configured. What is the most likely consequence?,"[""Terraform automatically reconstructs the state by scanning the cloud provider"", ""Terraform loses track of managed resources and may try to recreate them on next apply"", ""Terraform refuses to run any commands until you restore the file from a backup"", ""Nothing significant — Terraform regenerates the state file from .tf configuration files""]",Terraform loses track of managed resources and may try to recreate them on next apply,"[""hard""]"
Terraform Essentials: Infrastructure as Code Fundamentals,DevOps,"terraform,iac,hcl,infrastructure",Which command must be run first before any other Terraform workflow commands in a new project directory?,"[""terraform validate"", ""terraform refresh"", ""terraform plan"", ""terraform init""]",terraform init,"[""easy""]"
Terraform Essentials: Infrastructure as Code Fundamentals,DevOps,"terraform,iac,hcl,infrastructure",You need to look up the latest Amazon Linux 2 AMI ID dynamically in your Terraform config rather than hardcoding it. Which construct is designed for this?,"[""A data source block (data \""aws_ami\"")"", ""A provisioner block with a remote-exec script"", ""A variable block with a validation rule"", ""A locals block with a conditional expression""]","A data source block (data ""aws_ami"")","[""medium""]"
Terraform Essentials: Infrastructure as Code Fundamentals,DevOps,"terraform,iac,hcl,infrastructure",Your team wants to store Terraform state remotely so multiple engineers can collaborate safely. Which configuration block sets this up?,"[""provider { state_storage = \""s3\"" }"", ""resource \""terraform_remote_state\"""", ""terraform { backend \""s3\"" { ... } }"", ""module \""state\"" { source = \""hashicorp/backend\"" }""]","terraform { backend ""s3"" { ... } }","[""medium""]"
Terraform Essentials: Infrastructure as Code Fundamentals,DevOps,"terraform,iac,hcl,infrastructure",What is the primary benefit of breaking infrastructure code into Terraform modules?,"[""Modules make Terraform skip the planning phase for faster deploys"", ""Modules encrypt all resource configurations for added security"", ""Modules automatically roll back failed deployments"", ""Modules enable reusable, encapsulated infrastructure components with clear interfaces""]","Modules enable reusable, encapsulated infrastructure components with clear interfaces","[""medium""]"
Terraform Essentials: Infrastructure as Code Fundamentals,DevOps,"terraform,iac,hcl,infrastructure",You run 'terraform destroy' in a directory containing your production configuration. What does this command do?,"[""It removes only resources that have been modified since the last apply"", ""It deletes the .tf configuration files but leaves infrastructure intact"", ""It terminates all resources tracked in the state file after prompting for confirmation"", ""It archives the current state and resets the project to an empty configuration""]",It terminates all resources tracked in the state file after prompting for confirmation,"[""medium""]"
"Advanced Terraform: State, Modules & Production Patterns",DevOps,"terraform,modules,state,advanced",You configure an S3 backend with a DynamoDB table for your Terraform state. What specific purpose does the DynamoDB table serve in this setup?,"[""It provides state locking to prevent concurrent modifications"", ""It stores an encrypted copy of the state file as a backup"", ""It indexes resource attributes for faster terraform plan execution"", ""It caches provider plugin binaries to speed up terraform init""]",It provides state locking to prevent concurrent modifications,"[""medium""]"
"Advanced Terraform: State, Modules & Production Patterns",DevOps,"terraform,modules,state,advanced","A teammate runs `terraform apply` while you are also running `terraform plan` against the same remote state. With state locking properly configured, what happens to the second operation?","[""Terraform silently queues the second operation until the lock is released"", ""Terraform immediately returns a lock error with details about who holds the lock"", ""Terraform creates a temporary fork of the state file and merges changes later"", ""Terraform proceeds with a read-only plan but blocks the apply step""]",Terraform immediately returns a lock error with details about who holds the lock,"[""hard""]"
"Advanced Terraform: State, Modules & Production Patterns",DevOps,"terraform,modules,state,advanced",You run `terraform workspace new staging` in a project using an S3 backend. Where does Terraform store the state file for this new workspace?,"[""In a separate S3 bucket automatically created with the workspace name"", ""In the same key path but with the workspace name appended as a file suffix"", ""Under an `env:/staging/` prefix within the same S3 bucket and key structure"", ""In a local `.terraform/workspaces/staging/` directory that syncs to S3 on apply""]",Under an `env:/staging/` prefix within the same S3 bucket and key structure,"[""hard""]"
"Advanced Terraform: State, Modules & Production Patterns",DevOps,"terraform,modules,state,advanced",You are building a reusable VPC module and want consumers to optionally create NAT gateways. Which module design pattern best supports this while keeping the interface clean?,"[""Create two separate modules — one with NAT gateways and one without"", ""Use a null_resource with a local-exec provisioner to conditionally run AWS CLI commands"", ""Use a data source to check if a NAT gateway already exists before creating one"", ""Expose a boolean variable and use count to conditionally create the NAT gateway resource""]",Expose a boolean variable and use count to conditionally create the NAT gateway resource,"[""hard""]"
"Advanced Terraform: State, Modules & Production Patterns",DevOps,"terraform,modules,state,advanced","You need to run a database migration script on an RDS instance after Terraform creates it. Which approach does HashiCorp recommend, and why are provisioners generally discouraged?","[""Use a local-exec provisioner since it is the only way Terraform can trigger external scripts"", ""Use a remote-exec provisioner because Terraform guarantees script idempotency via state tracking"", ""Use external tooling like CI/CD pipelines or Ansible, because provisioners break the declarative model and cannot be planned"", ""Embed the migration SQL in a templatefile() and pass it to the RDS parameter group""]","Use external tooling like CI/CD pipelines or Ansible, because provisioners break the declarative model and cannot be planned","[""hard""]"
"Advanced Terraform: State, Modules & Production Patterns",DevOps,"terraform,modules,state,advanced",You add `lifecycle { prevent_destroy = true }` to a production database resource. A colleague then runs `terraform destroy`. What is the outcome?,"[""Terraform destroys all other resources but silently skips the protected database"", ""Terraform exits with an error because the plan includes destroying a resource with prevent_destroy"", ""Terraform prompts for interactive confirmation before destroying the database"", ""Terraform removes the database from state but leaves the actual infrastructure intact""]",Terraform exits with an error because the plan includes destroying a resource with prevent_destroy,"[""medium""]"
"Advanced Terraform: State, Modules & Production Patterns",DevOps,"terraform,modules,state,advanced","You have 50 existing AWS security groups that were created manually. You want to bring them under Terraform management without recreating them. After writing the resource blocks, which command sequence correctly imports them?","[""Run `terraform refresh` which auto-discovers and imports all unmanaged resources in the account"", ""Run `terraform state push` with a manually constructed JSON state file containing the security group IDs"", ""Run `terraform plan -import` which generates import blocks automatically for detected drift"", ""Run `terraform import ` for each group, then verify with terraform plan""]","Run `terraform import ` for each group, then verify with terraform plan","[""hard""]"
"Advanced Terraform: State, Modules & Production Patterns",DevOps,"terraform,modules,state,advanced","You need to create exactly one subnet per availability zone in a region, but the number of AZs varies across regions. Which construct should you use and why is it preferred over the alternative?","[""Use for_each with the AZ names as keys, because it creates stable resource addresses that survive list reordering"", ""Use count with length() on the AZ list, because numeric indices are more performant in large state files"", ""Use a dynamic block inside a single subnet resource to generate multiple CIDR configurations"", ""Use a local-exec provisioner that calls the AWS CLI to create subnets in a loop""]","Use for_each with the AZ names as keys, because it creates stable resource addresses that survive list reordering","[""hard""]"
"Advanced Terraform: State, Modules & Production Patterns",DevOps,"terraform,modules,state,advanced",You are writing an AWS security group resource that needs a variable number of ingress rules defined at runtime. Which Terraform feature generates nested blocks from a collection without code duplication?,"[""Using count on the entire security group resource, with one ingress rule per copy"", ""Using a for expression inside a single inline ingress block to expand multiple rules"", ""Using a templatefile() function to render HCL ingress blocks from a JSON variable"", ""Using a dynamic block that iterates over a variable to generate ingress blocks""]",Using a dynamic block that iterates over a variable to generate ingress blocks,"[""medium""]"
"Advanced Terraform: State, Modules & Production Patterns",DevOps,"terraform,modules,state,advanced","Your team evaluates Terragrunt to manage a multi-account, multi-region AWS deployment. Which problem does Terragrunt primarily solve that native Terraform workspaces and modules do not address well?","[""It replaces the Terraform CLI with a faster Go-based execution engine"", ""It provides a built-in secrets manager that encrypts state files at rest"", ""It eliminates repeated backend and provider configuration across many root modules via hierarchical config inheritance"", ""It adds a policy-as-code engine similar to Sentinel for enforcing compliance rules""]",It eliminates repeated backend and provider configuration across many root modules via hierarchical config inheritance,"[""hard""]"
"Ruby Programming Essentials: Blocks, Procs, Lambdas & OOP",Programming,"ruby,blocks,oop,metaprogramming","Given the following Ruby code, what will be printed? ```ruby def greet yield('Ruby') end greet { |lang| puts ""Hello, #{lang}!"" } ```","[""Hello, Ruby!"", ""Hello, !"", ""A LocalJumpError is raised because no block is given"", ""nil""]","Hello, Ruby!","[""easy""]"
"Ruby Programming Essentials: Blocks, Procs, Lambdas & OOP",Programming,"ruby,blocks,oop,metaprogramming",A developer writes a method that accepts a callable object: ```ruby def run(action) action.call(5) end ``` Which of the following will raise an error when passed as `action`?,"[""Proc.new { |x| x * 2 }"", ""A bare block: { |x| x * 2 } passed directly as an argument"", ""lambda { |x| x * 2 }"", ""->(x) { x * 2 }""]",A bare block: { |x| x * 2 } passed directly as an argument,"[""medium""]"
"Ruby Programming Essentials: Blocks, Procs, Lambdas & OOP",Programming,"ruby,blocks,oop,metaprogramming",How does a `lambda` differ from a `Proc.new` when it receives the wrong number of arguments?,"[""Both silently ignore extra arguments"", ""Proc.new raises an ArgumentError; lambda does not"", ""Lambda raises an ArgumentError; Proc.new silently adjusts"", ""Both raise an ArgumentError""]",Lambda raises an ArgumentError; Proc.new silently adjusts,"[""medium""]"
"Ruby Programming Essentials: Blocks, Procs, Lambdas & OOP",Programming,"ruby,blocks,oop,metaprogramming","You see this class hierarchy in a Ruby codebase: ```ruby module Swimmable def swim; ""swimming""; end end class Animal; end class Duck < Animal include Swimmable end ``` What is the method lookup order when calling `Duck.new.swim`?","[""Duck → Animal → Swimmable → Object"", ""Swimmable → Duck → Animal → Object"", ""Duck → Animal → Object → Swimmable"", ""Duck → Swimmable → Animal → Object""]",Duck → Swimmable → Animal → Object,"[""medium""]"
"Ruby Programming Essentials: Blocks, Procs, Lambdas & OOP",Programming,"ruby,blocks,oop,metaprogramming",A teammate suggests replacing all String keys in a frequently-accessed configuration hash with Symbols. Which statement best explains why Symbols are preferred here?,"[""Symbols support string interpolation, which Strings do not"", ""Symbols are immutable and interned, so identical symbols share one object ID, speeding up lookups"", ""Symbols automatically freeze the hash, preventing accidental mutation"", ""Symbols allow the hash to be serialized to JSON without a library""]","Symbols are immutable and interned, so identical symbols share one object ID, speeding up lookups","[""easy""]"
"Ruby Programming Essentials: Blocks, Procs, Lambdas & OOP",Programming,"ruby,blocks,oop,metaprogramming","Consider this Ruby snippet: ```ruby result = [1, 2, 3, 4, 5].select { |n| n.odd? }.map { |n| n ** 2 } ``` What does `result` contain?","[""[1, 9, 25]"", ""[1, 4, 9, 16, 25]"", ""[2, 4]"", ""[1, 3, 5]""]","[1, 9, 25]","[""easy""]"
"Ruby Programming Essentials: Blocks, Procs, Lambdas & OOP",Programming,"ruby,blocks,oop,metaprogramming",You run `bundle init` in a new project directory. What does the generated `Gemfile` allow you to do that installing gems globally with `gem install` does not?,"[""It compiles gems to native machine code for faster execution"", ""It automatically updates all gems to their latest version on every run"", ""It locks specific gem versions per project, ensuring consistent dependencies across environments"", ""It prevents any gem from being installed system-wide""]","It locks specific gem versions per project, ensuring consistent dependencies across environments","[""medium""]"
"Ruby Programming Essentials: Blocks, Procs, Lambdas & OOP",Programming,"ruby,blocks,oop,metaprogramming",A Ruby method is written to accept any object that responds to `#each`: ```ruby def summarize(collection) collection.each { |item| puts item } end ``` This design relies on which Ruby principle?,"[""Static type checking"", ""Interface segregation from SOLID principles"", ""Monkey patching"", ""Duck typing""]",Duck typing,"[""medium""]"
"Ruby Programming Essentials: Blocks, Procs, Lambdas & OOP",Programming,"ruby,blocks,oop,metaprogramming","A class uses `method_missing` to dynamically handle attribute lookups: ```ruby class DynamicConfig def initialize(data) @data = data end def method_missing(name, *args) @data.key?(name) ? @data[name] : super end end config = DynamicConfig.new({ host: ""localhost"", port: 3000 }) ``` What happens when you call `config.host`?","[""A NoMethodError is raised because `host` is not explicitly defined"", ""\""localhost\"""", ""nil, because `method_missing` always returns nil"", "":host (the symbol itself)""]","""localhost""","[""hard""]"
"Ruby Programming Essentials: Blocks, Procs, Lambdas & OOP",Programming,"ruby,blocks,oop,metaprogramming","According to Ruby conventions, what does the bang (`!`) at the end of a method name — such as `sort!` or `gsub!` — typically signal to other developers?","[""The method is deprecated and will be removed in a future version"", ""The method runs asynchronously in a background thread"", ""The method is a more dangerous variant, usually mutating the receiver in place"", ""The method raises an exception instead of returning nil on failure""]","The method is a more dangerous variant, usually mutating the receiver in place","[""easy""]"
"Kotlin Programming Quiz: Null Safety, Coroutines & Modern Android",Programming,"kotlin,null-safety,coroutines,android","Given `val name: String? = null`, what does `name?.length ?: -1` evaluate to?","[""-1"", ""null"", ""0"", ""A NullPointerException is thrown""]",-1,"[""easy""]"
"Kotlin Programming Quiz: Null Safety, Coroutines & Modern Android",Programming,"kotlin,null-safety,coroutines,android",Which of these is automatically generated by a Kotlin `data class` but NOT by a regular class?,"[""A primary constructor"", ""A `copy()` function with named parameter defaults"", ""An `init` block"", ""Getter and setter methods for properties""]",A `copy()` function with named parameter defaults,"[""easy""]"
"Kotlin Programming Quiz: Null Safety, Coroutines & Modern Android",Programming,"kotlin,null-safety,coroutines,android",You have a `sealed class Result` with subclasses `Success` and `Error`. What happens if you use a `when` expression on a `Result` value and only handle `Success`?,"[""It compiles fine and returns Unit for unmatched branches"", ""It throws a MatchException at runtime"", ""The compiler reports a non-exhaustive `when` error"", ""The `Error` case is automatically matched to null""]",The compiler reports a non-exhaustive `when` error,"[""medium""]"
"Kotlin Programming Quiz: Null Safety, Coroutines & Modern Android",Programming,"kotlin,null-safety,coroutines,android",What is the primary difference between `launch` and `async` when starting a coroutine?,"[""`launch` runs on the main thread while `async` runs on a background thread"", ""`launch` is non-blocking while `async` blocks the calling thread"", ""`async` always runs in parallel while `launch` is sequential"", ""`launch` returns a Job, while `async` returns a Deferred you can await for a result""]","`launch` returns a Job, while `async` returns a Deferred you can await for a result","[""medium""]"
"Kotlin Programming Quiz: Null Safety, Coroutines & Modern Android",Programming,"kotlin,null-safety,coroutines,android","You write `fun String.isPalindrome(): Boolean = this == this.reversed()`. How do you call this extension function on the string ""racecar""?","[""isPalindrome(\""racecar\"")"", ""\""racecar\"".isPalindrome()"", ""String.isPalindrome(\""racecar\"")"", ""\""racecar\""::isPalindrome()""]","""racecar"".isPalindrome()","[""easy""]"
"Kotlin Programming Quiz: Null Safety, Coroutines & Modern Android",Programming,"kotlin,null-safety,coroutines,android",Consider this Kotlin code: ```kotlin val x: Any = 42 val result = when (x) { is String -> x.length is Int -> x * 2 is Boolean -> if (x) 1 else 0 else -> -1 } ``` What is the value of `result`?,"[""84"", ""42"", ""2"", ""-1""]",84,"[""medium""]"
"Kotlin Programming Quiz: Null Safety, Coroutines & Modern Android",Programming,"kotlin,null-safety,coroutines,android","In a Kotlin class, you want to define a factory method that can be called without an instance, like `User.create(""Alice"")`. Where should you define this method?","[""In an `init` block inside the class"", ""In a `companion object` block inside the class"", ""As an extension function on the class"", ""In a separate `object` declaration with the same name""]",In a `companion object` block inside the class,"[""medium""]"
"Kotlin Programming Quiz: Null Safety, Coroutines & Modern Android",Programming,"kotlin,null-safety,coroutines,android","What does the following code print? ```kotlin val list = listOf(1, 2, 3, 4, 5) val result = list.filter { it > 2 }.map { it * 10 }.take(2) println(result) ```","[""[10, 20]"", ""[30, 50]"", ""[30, 40]"", ""[30, 40, 50]""]","[30, 40]","[""medium""]"
"Kotlin Programming Quiz: Null Safety, Coroutines & Modern Android",Programming,"kotlin,null-safety,coroutines,android","Which scope function should you use when you want to configure an object and return the object itself, accessing its members without `this` or `it`? ```kotlin val paint = Paint().____ { color = Color.RED strokeWidth = 5f isAntiAlias = true } ```","[""let"", ""also"", ""run"", ""apply""]",apply,"[""hard""]"
"Kotlin Programming Quiz: Null Safety, Coroutines & Modern Android",Programming,"kotlin,null-safety,coroutines,android","A Java method is declared as `public String process(List items)`. When calling this method from Kotlin, what type does the compiler infer for the return value?","[""String (non-null guaranteed)"", ""String? (always nullable)"", ""String! (platform type — nullability unknown)"", ""Any (erased to the Kotlin root type)""]",String! (platform type — nullability unknown),"[""hard""]"
Python Generators & Concurrency,Python,python,"What is the output of this code? ```python with open('test.txt', 'w') as f: f.write('hello') f.write('world') with open('test.txt', 'r') as f: print(repr(f.read())) ```","[""'hello world'"", ""'hello\\nworld'"", ""'helloworld'"", ""'hello\\nworld\\n'""]",'helloworld',"[""medium""]"
Python Generators & Concurrency,Python,python,"Which `pathlib.Path` method call correctly reads a file, strips whitespace, and splits into lines — all in one expression?","[""Path('f.txt').read_text().strip().splitlines()"", ""Path('f.txt').read_lines()"", ""Path('f.txt').open().readlines()"", ""Path('f.txt').read_text().strip().split('\\n')""]",Path('f.txt').read_text().strip().split('\n'),"[""expert""]"
Python Generators & Concurrency,Python,python,"When using `json.dumps()` on a Python object containing a `datetime`, what happens by default? ```python import json from datetime import datetime data = {'created': datetime.now(), 'name': 'test'} result = json.dumps(data) ```","[""It converts the datetime to an ISO format string automatically"", ""It converts the datetime to a Unix timestamp float"", ""It silently skips the datetime field and serializes only 'name'"", ""It raises TypeError: Object of type datetime is not JSON serializable""]",It raises TypeError: Object of type datetime is not JSON serializable,"[""medium""]"
Python Generators & Concurrency,Python,python,"What is the output of this CSV-reading code? ```python import csv from io import StringIO data = 'name,age\n""Smith, John"",30\nJane,25' reader = csv.DictReader(StringIO(data)) rows = list(reader) print(rows[0]['name'], rows[0]['age']) ```","[""Smith, John 30"", ""Smith 30"", ""\""Smith, John\"" 30"", ""It raises a csv.Error due to the comma inside the field""]","Smith, John 30","[""hard""]"
Python Generators & Concurrency,Python,python,"What does `open('file.txt', 'x')` do differently from `open('file.txt', 'w')`?","[""Mode 'x' raises FileExistsError if the file already exists, preventing overwrite"", ""Mode 'x' creates a temporary file that's deleted when closed"", ""Mode 'x' exclusively creates the file, failing if it exists; 'w' silently overwrites"", ""Mode 'x' opens the file in binary mode while 'w' opens in text mode""]","Mode 'x' exclusively creates the file, failing if it exists; 'w' silently overwrites","[""hard""]"
Python Generators & Concurrency,Python,python,What is the output of this code? ```python from collections import Counter c = Counter('abracadabra') print(c.most_common(3)) ```,"[""[('a', 5), ('b', 2), ('r', 2)]"", ""{'a': 5, 'b': 2, 'r': 2}"", ""[('a', 5), ('r', 2), ('b', 2)]"", ""[('a', 5), ('b', 2), ('c', 1)]""]","[('a', 5), ('b', 2), ('r', 2)]","[""medium""]"
Python Generators & Concurrency,Python,python,"What is the output of this code? ```python from collections import defaultdict d = defaultdict(list) for key, val in [('a', 1), ('b', 2), ('a', 3), ('b', 4)]: d[key].append(val) print(dict(d)) print(d['c']) ```","[""{'a': [1, 3], 'b': [2, 4]} then KeyError"", ""{'a': [1, 3], 'b': [2, 4]} then []"", ""{'a': 3, 'b': 4} then []"", ""{'a': [1, 3], 'b': [2, 4]} then None""]","{'a': [1, 3], 'b': [2, 4]} then []","[""hard""]"
Python Generators & Concurrency,Python,python,Which statement about `collections.deque` vs `list` is correct for large sequences?,"[""deque has O(1) append/pop on both ends; list has O(n) for left-end operations"", ""list is faster than deque for all operations because it uses contiguous memory"", ""deque supports O(1) appendleft/popleft while list's insert(0,x)/pop(0) are O(n)"", ""deque and list have identical performance characteristics for append and pop""]","deque supports O(1) appendleft/popleft while list's insert(0,x)/pop(0) are O(n)","[""hard""]"
Python Generators & Concurrency,Python,python,"What is the output of this code? ```python from collections import namedtuple Point = namedtuple('Point', ['x', 'y']) p = Point(3, 4) print(p._replace(x=10)) print(p) ```","[""Point(x=10, y=4) then Point(x=10, y=4)"", ""Point(x=10, y=4) then Point(x=3, y=4)"", ""It raises AttributeError because namedtuples are immutable"", ""Point(x=10, y=4)\\nPoint(x=3, y=4)""]","Point(x=10, y=4)\nPoint(x=3, y=4)","[""hard""]"
Python Generators & Concurrency,Python,python,"What is the output of this code using `Counter` arithmetic? ```python from collections import Counter a = Counter(x=4, y=2, z=-1) b = Counter(x=1, y=5) result = a - b print(result) ```","[""Counter({'x': 3, 'y': -3, 'z': -1})"", ""Counter({'x': 3})"", ""Counter({'x': 3, 'z': -1})"", ""Counter({'x': 3, 'y': 0, 'z': -1})""]",Counter({'x': 3}),"[""expert""]"
Modern C++ (C++11/14/17/20),Programming,"cpp,modern-cpp,smart-pointers,move-semantics",What happens when a `std::unique_ptr` is assigned to another `unique_ptr`? ```cpp auto p1 = std::make_unique(42); auto p2 = p1; ```,"[""p2 gets a copy of the integer, and both pointers are valid"", ""Compilation error — unique_ptr cannot be copied, you must use std::move"", ""p1 becomes null and p2 takes ownership automatically"", ""Both p1 and p2 share ownership like shared_ptr""]","Compilation error — unique_ptr cannot be copied, you must use std::move","[""medium""]"
Modern C++ (C++11/14/17/20),Programming,"cpp,modern-cpp,smart-pointers,move-semantics",When would you use `std::weak_ptr` instead of `std::shared_ptr`?,"[""When you need faster access than shared_ptr provides"", ""When you want to observe a shared resource without keeping it alive — breaking circular references"", ""When you need thread-safe access that shared_ptr doesn't provide"", ""When you want automatic conversion between raw pointers and smart pointers""]",When you want to observe a shared resource without keeping it alive — breaking circular references,"[""hard""]"
Modern C++ (C++11/14/17/20),Programming,"cpp,modern-cpp,smart-pointers,move-semantics","What does `std::move` actually do? ```cpp std::string s1 = ""hello""; std::string s2 = std::move(s1); ```","[""It physically moves the bytes of s1 to s2's memory location"", ""It swaps the contents of s1 and s2"", ""It casts s1 to an rvalue reference, enabling the move constructor to steal its resources"", ""It creates a deep copy but marks s1 as invalid for the compiler""]","It casts s1 to an rvalue reference, enabling the move constructor to steal its resources","[""hard""]"
Modern C++ (C++11/14/17/20),Programming,"cpp,modern-cpp,smart-pointers,move-semantics","What does this lambda capture? ```cpp int x = 10; int y = 20; auto fn = [x, &y]() mutable { x += 1; y += 1; return x + y; }; ```","[""Both x and y are captured by value — mutable allows modifying the copies"", ""x is captured by value (copy), y by reference; mutable allows modifying the copy of x"", ""Both are captured by reference — the brackets specify read vs write access"", ""x is captured by reference and y by value — the & means y is const""]","x is captured by value (copy), y by reference; mutable allows modifying the copy of x","[""medium""]"
Modern C++ (C++11/14/17/20),Programming,"cpp,modern-cpp,smart-pointers,move-semantics",What does `auto` deduce in each case? ```cpp auto a = 42; // Case 1 auto b = 42.0; // Case 2 const auto& c = a; // Case 3 auto&& d = 42; // Case 4 ```,"[""int, double, const int&, int&& (rvalue reference to the temporary)"", ""int, float, int&, int& (all lvalue references)"", ""long, double, const long&, long (auto always picks the largest type)"", ""int, double, const int, int (references are stripped by auto)""]","int, double, const int&, int&& (rvalue reference to the temporary)","[""medium""]"
Modern C++ (C++11/14/17/20),Programming,"cpp,modern-cpp,smart-pointers,move-semantics","What advantage does range-based for have over traditional indexing here? ```cpp std::vector names = {""Alice"", ""Bob"", ""Charlie""}; for (const auto& name : names) { std::cout << name << ""\n""; } ```","[""It forces the container to be sorted before iteration"", ""It runs the loop body in parallel across multiple threads"", ""It avoids off-by-one errors, prevents copies with const auto&, and works with any iterable"", ""It is faster because it uses pointer arithmetic internally instead of iterators""]","It avoids off-by-one errors, prevents copies with const auto&, and works with any iterable","[""easy""]"
Modern C++ (C++11/14/17/20),Programming,"cpp,modern-cpp,smart-pointers,move-semantics",What does `constexpr` guarantee about this function? ```cpp constexpr int factorial(int n) { return (n <= 1) ? 1 : n * factorial(n - 1); } constexpr int val = factorial(5); ```,"[""The function can only be called at compile time — runtime calls are forbidden"", ""The function is evaluated at compile time when given constant arguments, embedding the result directly"", ""It marks the function as inline, suggesting the compiler replace calls with the body"", ""It prevents the function from having side effects, similar to pure in Haskell""]","The function is evaluated at compile time when given constant arguments, embedding the result directly","[""medium""]"
Modern C++ (C++11/14/17/20),Programming,"cpp,modern-cpp,smart-pointers,move-semantics","How does `std::optional` improve upon returning a sentinel value? ```cpp std::optional find_index(const std::vector& v, int target) { for (size_t i = 0; i < v.size(); ++i) if (v[i] == target) return i; return std::nullopt; } ```","[""It throws an exception when the value is missing, forcing callers to handle errors"", ""It uses heap allocation internally, making it safer than stack-based sentinels"", ""It explicitly models the absence of a value in the type system, avoiding ambiguous sentinel values"", ""It's identical to returning -1 but wrapped in a struct for consistency""]","It explicitly models the absence of a value in the type system, avoiding ambiguous sentinel values","[""medium""]"
Modern C++ (C++11/14/17/20),Programming,"cpp,modern-cpp,smart-pointers,move-semantics","What do structured bindings (C++17) allow in this code? ```cpp std::map scores = {{""Alice"", 95}, {""Bob"", 87}}; for (const auto& [name, score] : scores) { std::cout << name << "": "" << score << ""\n""; } ```","[""They create new variables by copying individual fields from a pair/tuple/struct into named bindings"", ""They destructure objects by calling a special deconstruct() method"", ""They enable pattern matching similar to Rust's match expressions"", ""They allow modifying the map's keys in-place during iteration""]",They create new variables by copying individual fields from a pair/tuple/struct into named bindings,"[""medium""]"
Modern C++ (C++11/14/17/20),Programming,"cpp,modern-cpp,smart-pointers,move-semantics","What do C++20 concepts achieve in this code? ```cpp template concept Addable = requires(T a, T b) { { a + b } -> std::convertible_to; }; template T sum(T a, T b) { return a + b; } ```","[""They replace templates entirely with runtime type checking"", ""They define abstract interfaces that types must inherit from"", ""They provide compile-time constraints on template parameters with clear error messages"", ""They enable dynamic dispatch for template functions via virtual concepts""]",They provide compile-time constraints on template parameters with clear error messages,"[""hard""]"
Advanced Go Patterns,Programming,"go,concurrency,patterns,generics","What happens when multiple cases in a `select` statement are ready simultaneously? ```go ch1 := make(chan int, 1) ch2 := make(chan int, 1) ch1 <- 1 ch2 <- 2 select { case v := <-ch1: fmt.Println(""ch1:"", v) case v := <-ch2: fmt.Println(""ch2:"", v) } ```","[""The first case listed (ch1) always has priority"", ""A compile-time error — only one case can be ready at a time"", ""Both cases execute sequentially"", ""Go picks one of the ready cases at random""]",Go picks one of the ready cases at random,"[""hard""]"
Advanced Go Patterns,Programming,"go,concurrency,patterns,generics","What is the primary purpose of `context.Context` in Go? ```go func fetchData(ctx context.Context, url string) error { req, _ := http.NewRequestWithContext(ctx, ""GET"", url, nil) _, err := http.DefaultClient.Do(req) return err } ```","[""To store global application configuration"", ""To carry deadlines, cancellation signals, and request-scoped values across goroutines"", ""To manage database connection pooling"", ""To replace error handling with context-aware exceptions""]","To carry deadlines, cancellation signals, and request-scoped values across goroutines","[""hard""]"
Advanced Go Patterns,Programming,"go,concurrency,patterns,generics",What is wrong with this concurrent code? ```go var counter int var wg sync.WaitGroup for i := 0; i < 1000; i++ { wg.Add(1) go func() { defer wg.Done() counter++ }() } wg.Wait() fmt.Println(counter) ```,"[""Data race — counter++ is not atomic and multiple goroutines access it concurrently"", ""wg.Add(1) should be called outside the loop"", ""The anonymous function captures the loop variable i incorrectly"", ""sync.WaitGroup cannot be used with more than 100 goroutines""]",Data race — counter++ is not atomic and multiple goroutines access it concurrently,"[""hard""]"
Advanced Go Patterns,Programming,"go,concurrency,patterns,generics","What does this generic function constraint mean? ```go type Number interface { ~int | ~float64 } func Sum[T Number](nums []T) T { var total T for _, n := range nums { total += n } return total } ```","[""T must be exactly int or float64, no custom types allowed"", ""T can be any numeric type including complex numbers"", ""T must be int or float64, or any named type whose underlying type is int or float64"", ""The ~ means T is approximately convertible to int or float64""]","T must be int or float64, or any named type whose underlying type is int or float64","[""hard""]"
Advanced Go Patterns,Programming,"go,concurrency,patterns,generics",What does struct embedding provide in Go? ```go type Logger struct{} func (l Logger) Log(msg string) { fmt.Println(msg) } type Server struct { Logger Port int } ```,"[""Server inherits from Logger and can override its methods polymorphically"", ""Logger's methods are promoted to Server — Server can call Log() directly via composition"", ""Server becomes a subtype of Logger for interface satisfaction"", ""Embedding copies Logger's source code into Server at compile time""]",Logger's methods are promoted to Server — Server can call Log() directly via composition,"[""hard""]"
Advanced Go Patterns,Programming,"go,concurrency,patterns,generics","What is the difference between a type assertion and a type switch? ```go // Type assertion s := val.(string) // Type switch switch v := val.(type) { case string: fmt.Println(""string:"", v) case int: fmt.Println(""int:"", v) } ```","[""They are identical in behavior — type switch is just syntactic sugar"", ""Type switches can only be used with built-in types, not custom types"", ""Type assertions work at compile time; type switches work at runtime"", ""Type assertion panics on mismatch (without comma-ok); type switch safely branches on multiple types""]",Type assertion panics on mismatch (without comma-ok); type switch safely branches on multiple types,"[""hard""]"
Advanced Go Patterns,Programming,"go,concurrency,patterns,generics","Which concurrency pattern does this code implement? ```go func fanOut(input <-chan int, workers int) []<-chan int { channels := make([]<-chan int, workers) for i := 0; i < workers; i++ { channels[i] = process(input) } return channels } ```","[""Fan-in — merging multiple channels into one"", ""Pipeline — connecting sequential processing stages"", ""Fan-out — distributing work from one channel to multiple concurrent workers"", ""Pub/sub — broadcasting messages to all subscribers""]",Fan-out — distributing work from one channel to multiple concurrent workers,"[""hard""]"
Advanced Go Patterns,Programming,"go,concurrency,patterns,generics",How do you detect race conditions in Go during testing? ```go // Some test file func TestConcurrentAccess(t *testing.T) { // concurrent code here } ```,"[""Run tests with `go test -race` to enable the built-in race detector"", ""Add sync.RaceCheck() calls in the test code"", ""Race conditions cannot be detected — they must be prevented by code review"", ""Use a third-party linter like golangci-lint with the race rule""]",Run tests with `go test -race` to enable the built-in race detector,"[""hard""]"
Advanced Go Patterns,Programming,"go,concurrency,patterns,generics",What does `go mod tidy` do? ```bash $ go mod tidy ```,"[""It formats the go.mod file without changing dependencies"", ""It adds missing dependencies and removes unused ones from go.mod and go.sum"", ""It upgrades all dependencies to their latest versions"", ""It initializes a new Go module in the current directory""]",It adds missing dependencies and removes unused ones from go.mod and go.sum,"[""hard""]"
Advanced Go Patterns,Programming,"go,concurrency,patterns,generics","What is the purpose of `t.Helper()` in Go test code? ```go func assertEqual(t *testing.T, got, want int) { t.Helper() if got != want { t.Errorf(""got %d, want %d"", got, want) } } ```","[""It marks the function as a helper so failure line numbers point to the caller, not the helper"", ""It skips the test if the helper function fails"", ""It makes the function run before each test, like a setup function"", ""It allows the function to run tests in parallel""]","It marks the function as a helper so failure line numbers point to the caller, not the helper","[""hard""]"
Git Essentials,DevOps,"git,version-control,basics,branching",You just downloaded a project's source code as a ZIP file and extracted it. You want to start tracking changes with Git. Which command initializes a new Git repository in the current directory?,"[""git start"", ""git init"", ""git create ."", ""git new repo""]",git init,"[""easy""]"
Git Essentials,DevOps,"git,version-control,basics,branching","You modified three files but only want to include two of them in your next commit. After staging those two files with git add, what does git status show for the third modified file?","[""It appears under 'Changes to be committed'"", ""It appears under 'Untracked files'"", ""It appears under 'Changes not staged for commit'"", ""It does not appear at all since Git only tracks staged files""]",It appears under 'Changes not staged for commit',"[""easy""]"
Git Essentials,DevOps,"git,version-control,basics,branching",Your teammate asks you to check what changed in a file before staging it. Which command shows the differences between your working directory and the last commit for a specific file?,"[""git log --changes"", ""git show"", ""git compare"", ""git diff""]",git diff,"[""easy""]"
Git Essentials,DevOps,"git,version-control,basics,branching",You want to create a new branch called 'feature-login' and immediately switch to it. Which single command accomplishes both steps?,"[""git checkout -b feature-login"", ""git branch --switch feature-login"", ""git checkout --new feature-login"", ""git branch feature-login && git merge feature-login""]",git checkout -b feature-login,"[""easy""]"
Git Essentials,DevOps,"git,version-control,basics,branching",You're on the main branch and run git merge feature-x. Git completes instantly with the message 'Fast-forward'. What does this mean?,"[""Git automatically resolved all merge conflicts"", ""The feature branch was already merged previously"", ""Main had no new commits since feature-x branched off, so Git just moved the pointer forward"", ""Git skipped the commit validation checks to merge faster""]","Main had no new commits since feature-x branched off, so Git just moved the pointer forward","[""medium""]"
Git Essentials,DevOps,"git,version-control,basics,branching","You accidentally committed a file called secrets.env. You add it to .gitignore, but git status still tracks it. Why is the file still tracked despite being in .gitignore?","["".gitignore only works on branches other than main"", "".gitignore only applies to untracked files — files already committed continue to be tracked"", ""The .gitignore file needs to be committed before it takes effect"", ""You need to run git ignore --update to refresh the ignore rules""]",.gitignore only applies to untracked files — files already committed continue to be tracked,"[""medium""]"
Git Essentials,DevOps,"git,version-control,basics,branching","You want to see a compact, one-line-per-commit view of the last 5 commits on the current branch. Which command achieves this?","[""git history --short 5"", ""git log --compact --last=5"", ""git log --oneline -5"", ""git commits --summary 5""]",git log --oneline -5,"[""easy""]"
Git Essentials,DevOps,"git,version-control,basics,branching","After cloning a repository, you run git remote -v. You see 'origin' listed with a URL. What does 'origin' represent in this context?","[""The default alias Git assigns to the remote repository you cloned from"", ""The first branch that was created in the repository"", ""A protected label indicating the original author's fork"", ""The root commit of the repository's history""]",The default alias Git assigns to the remote repository you cloned from,"[""easy""]"
Git Essentials,DevOps,"git,version-control,basics,branching","You're merging a feature branch into main and encounter a merge conflict in app.js. After manually editing the file to resolve the conflict, what must you do before completing the merge?","[""Run git resolve app.js to mark the conflict as fixed"", ""Run git merge --continue without any other steps"", ""Delete the .git/MERGE_HEAD file to clear the conflict state"", ""Stage the resolved file with git add app.js, then commit""]","Stage the resolved file with git add app.js, then commit","[""medium""]"
Git Essentials,DevOps,"git,version-control,basics,branching",What does HEAD refer to in Git?,"[""The very first commit ever made in the repository"", ""A pointer to the currently checked-out commit or branch tip"", ""The remote server's latest version of the code"", ""The most recent tag applied to the repository""]",A pointer to the currently checked-out commit or branch tip,"[""easy""]"
Go Language Essentials,Programming,"go,golang,basics,goroutines","What is the key difference between a slice and an array in Go? ```go arr := [3]int{1, 2, 3} slc := []int{1, 2, 3} ```","[""Arrays can grow dynamically, slices cannot"", ""Arrays have a fixed size baked into their type; slices are dynamically-sized references to underlying arrays"", ""Slices are stored on the stack, arrays on the heap"", ""There is no difference — they are interchangeable""]",Arrays have a fixed size baked into their type; slices are dynamically-sized references to underlying arrays,"[""easy""]"
Go Language Essentials,Programming,"go,golang,basics,goroutines",What happens when you send a value on an unbuffered channel with no receiver ready? ```go ch := make(chan int) ch <- 42 // What happens here? ```,"[""The value 42 is silently discarded"", ""A compile-time error is raised"", ""The value is buffered automatically until a receiver is ready"", ""The goroutine blocks forever, causing a deadlock""]","The goroutine blocks forever, causing a deadlock","[""easy""]"
Go Language Essentials,Programming,"go,golang,basics,goroutines","What is the output of this code using `defer`? ```go func main() { fmt.Println(""start"") defer fmt.Println(""deferred 1"") defer fmt.Println(""deferred 2"") fmt.Println(""end"") } ```","[""start, end, deferred 1, deferred 2"", ""start, deferred 1, deferred 2, end"", ""start, end, deferred 2, deferred 1"", ""deferred 1, deferred 2, start, end""]","start, end, deferred 2, deferred 1","[""easy""]"
Go Language Essentials,Programming,"go,golang,basics,goroutines",How does Go determine if a struct implements an interface? ```go type Stringer interface { String() string } type Dog struct{ Name string } func (d Dog) String() string { return d.Name } ```,"[""Implicitly — if Dog has all methods defined by Stringer, it satisfies the interface"", ""Dog must be registered with the Stringer interface at runtime"", ""Interfaces in Go cannot be implemented by structs, only by other interfaces"", ""Dog must include 'implements Stringer' in its declaration""]","Implicitly — if Dog has all methods defined by Stringer, it satisfies the interface","[""easy""]"
Go Language Essentials,Programming,"go,golang,basics,goroutines","What is the idiomatic way to handle errors in Go? ```go result, err := doSomething() // What comes next? ```","[""Wrap it in a try/catch block"", ""Check if err != nil immediately and handle or return the error"", ""Use defer to handle the error at the end of the function"", ""Call panic(err) to stop execution""]",Check if err != nil immediately and handle or return the error,"[""easy""]"
Go Language Essentials,Programming,"go,golang,basics,goroutines",What is the zero value of a `map[string]int` variable declared but not initialized? ```go var m map[string]int fmt.Println(m == nil) ```,"[""An empty, initialized map — m == nil is false"", ""A compile-time error because maps must be initialized"", ""A map with one entry where the key is \""\"" and value is 0"", ""nil — m == nil is true, and writing to it will panic""]","nil — m == nil is true, and writing to it will panic","[""easy""]"
Go Language Essentials,Programming,"go,golang,basics,goroutines",Which of the following correctly starts a goroutine in Go?,"[""goroutine doWork()"", ""spawn(doWork)"", ""go doWork()"", ""async doWork()""]",go doWork(),"[""easy""]"
Go Language Essentials,Programming,"go,golang,basics,goroutines","What does `recover()` do in Go, and where must it be called? ```go func safeCall() { defer func() { if r := recover(); r != nil { fmt.Println(""Recovered:"", r) } }() panic(""something went wrong"") } ```","[""It catches the panic value and must be called inside a deferred function"", ""It restarts the goroutine from the beginning"", ""It can be called anywhere and will catch any error"", ""It logs the panic and then re-panics automatically""]",It catches the panic value and must be called inside a deferred function,"[""easy""]"
Go Language Essentials,Programming,"go,golang,basics,goroutines","In Go, what determines whether a name is exported from a package? ```go package mylib func PublicFunc() {} // ? func privateFunc() {} // ? var Count int // ? var total int // ? ```","[""The first letter — uppercase names are exported, lowercase are package-private"", ""An annotation like @Public or @Private"", ""A special `export` keyword before the declaration"", ""All names are exported by default unless marked with `internal`""]","The first letter — uppercase names are exported, lowercase are package-private","[""easy""]"
Go Language Essentials,Programming,"go,golang,basics,goroutines","What are the zero values for `int`, `string`, `bool`, and `*int` in Go?","[""-1, \""\"", true, 0"", ""0, null, false, null"", ""undefined for all types"", ""0, \""\"", false, nil""]","0, """", false, nil","[""easy""]"
TypeScript in Practice,Programming,"typescript,patterns,modules,best-practices",What is the purpose of a `.d.ts` declaration file in TypeScript?,"[""To store compiled JavaScript output from TypeScript files"", ""To provide type information without runtime implementation for JavaScript code"", ""To configure the TypeScript compiler settings for a project"", ""To define database schemas used by the application""]",To provide type information without runtime implementation for JavaScript code,"[""medium""]"
TypeScript in Practice,Programming,"typescript,patterns,modules,best-practices","What does module augmentation allow you to do in TypeScript? ```ts declare module ""express"" { interface Request { userId?: string; } } ```","[""Replace the entire express module with a custom implementation"", ""Create a new module called express that shadows the original"", ""Add new type declarations to an existing module without modifying its source"", ""Import private types from the express module""]",Add new type declarations to an existing module without modifying its source,"[""medium""]"
TypeScript in Practice,Programming,"typescript,patterns,modules,best-practices",Which of the following is a valid user-defined type guard? ```ts interface Cat { meow(): void; } interface Dog { bark(): void; } ```,"[""function isCat(animal: Cat | Dog): boolean { return 'meow' in animal; }"", ""function isCat(animal: Cat | Dog): Cat { return animal as Cat; }"", ""function isCat(animal: Cat | Dog): typeof Cat { return animal; }"", ""function isCat(animal: Cat | Dog): animal is Cat { return 'meow' in animal; }""]",function isCat(animal: Cat | Dog): animal is Cat { return 'meow' in animal; },"[""medium""]"
TypeScript in Practice,Programming,"typescript,patterns,modules,best-practices","What does an assertion function do in TypeScript? ```ts function assertDefined(value: T | undefined): asserts value is T { if (value === undefined) throw new Error(""Value is undefined""); } ```","[""It returns the narrowed value with the new type"", ""It narrows the type of the parameter in all subsequent code if it doesn't throw"", ""It performs a runtime type cast and returns the value"", ""It logs a warning if the value doesn't match the expected type""]",It narrows the type of the parameter in all subsequent code if it doesn't throw,"[""medium""]"
TypeScript in Practice,Programming,"typescript,patterns,modules,best-practices","What is a branded type and what problem does it solve? ```ts type USD = number & { __brand: ""USD"" }; type EUR = number & { __brand: ""EUR"" }; function addUSD(a: USD, b: USD): USD { return (a + b) as USD; } ```","[""It creates nominally distinct types from structurally identical types to prevent accidental misuse"", ""It converts numbers to a special currency class with methods"", ""It adds runtime type information to primitive values for reflection"", ""It enforces that numbers are always positive""]",It creates nominally distinct types from structurally identical types to prevent accidental misuse,"[""medium""]"
TypeScript in Practice,Programming,"typescript,patterns,modules,best-practices",What is the correct way to define function overloads in TypeScript? ```ts // Which approach is correct? ```,"[""function parse(value: string): number; function parse(value: number): string; function parse(value: string | number): string | number { /* impl */ }"", ""function parse(value: string): number { /* impl */ } function parse(value: number): string { /* impl */ }"", ""overload function parse(value: string): number; overload function parse(value: number): string;"", ""function parse(value: T): T extends string ? number : string { /* impl */ }""]",function parse(value: string): number; function parse(value: number): string; function parse(value: string | number): string | number { /* impl */ },"[""medium""]"
TypeScript in Practice,Programming,"typescript,patterns,modules,best-practices",Which `tsconfig.json` strict mode flag prevents implicit `any` types when TypeScript cannot infer a more specific type?,"[""strictNullChecks"", ""noImplicitAny"", ""strictBindCallApply"", ""noUncheckedIndexedAccess""]",noImplicitAny,"[""medium""]"
TypeScript in Practice,Programming,"typescript,patterns,modules,best-practices",What is the difference between `unknown` and `any` in TypeScript? ```ts let a: any = fetchData(); let b: unknown = fetchData(); a.toUpperCase(); // ? b.toUpperCase(); // ? ```,"[""They are identical — both allow any operation on the value"", ""unknown only accepts string values while any accepts everything"", ""any allows all operations without checks; unknown requires type narrowing before use"", ""Both accept any value, but unknown requires narrowing before performing operations while any does not""]","Both accept any value, but unknown requires narrowing before performing operations while any does not","[""medium""]"
TypeScript in Practice,Programming,"typescript,patterns,modules,best-practices",When should you use the `never` type in TypeScript? ```ts function throwError(message: string): never { throw new Error(message); } ```,"[""For functions that return undefined"", ""For functions that return void"", ""For functions that accept no parameters"", ""For functions that always throw or never terminate, and for exhaustiveness checking""]","For functions that always throw or never terminate, and for exhaustiveness checking","[""medium""]"
TypeScript in Practice,Programming,"typescript,patterns,modules,best-practices","What does `strictNullChecks` do when enabled, and what error does this code produce? ```ts // tsconfig: ""strictNullChecks"": true function getLength(str: string) { return str.length; } getLength(null); ```","[""No error — null is always assignable to string"", ""Runtime error — str.length throws on null"", ""Compile error — null is not assignable to type string"", ""Warning — but the code still compiles and runs""]",Compile error — null is not assignable to type string,"[""medium""]"
Java Concurrency & Modern Features,Programming,"java,concurrency,streams,java8","What is the output of this Stream pipeline? ```java List words = List.of(""hello"", ""world"", ""hi"", ""hey""); String result = words.stream() .filter(w -> w.startsWith(""h"")) .map(String::toUpperCase) .reduce("""", (a, b) -> a + b + "" ""); System.out.println(result.trim()); ```","[""HELLO HI HEY"", ""hello hi hey"", ""HELLO WORLD HI HEY"", ""HI HEY HELLO""]",HELLO HI HEY,"[""hard""]"
Java Concurrency & Modern Features,Programming,"java,concurrency,streams,java8",Which functional interface should you use for a lambda that takes a `String` and returns an `Integer`?,"[""Consumer"", ""Supplier"", ""Function"", ""Predicate""]",Function,"[""hard""]"
Java Concurrency & Modern Features,Programming,"java,concurrency,streams,java8","What does this code print? ```java Optional opt = Optional.of(""Java""); String result = opt .filter(s -> s.length() > 10) .map(String::toUpperCase) .orElse(""default""); System.out.println(result); ```","[""JAVA"", ""Java"", ""An empty string"", ""default""]",default,"[""hard""]"
Java Concurrency & Modern Features,Programming,"java,concurrency,streams,java8",What is the primary risk of this code in a multithreaded environment? ```java class SharedCounter { private int count = 0; public void increment() { count++; } public int getCount() { return count; } } ```,"[""Deadlock between increment() and getCount()"", ""Race condition — count++ is not atomic and updates can be lost"", ""Stack overflow from recursive calls"", ""Memory leak because count is a primitive""]",Race condition — count++ is not atomic and updates can be lost,"[""hard""]"
Java Concurrency & Modern Features,Programming,"java,concurrency,streams,java8",What does the `volatile` keyword guarantee in Java? ```java class Flag { private volatile boolean running = true; public void stop() { running = false; } public void run() { while (running) { /* work */ } } } ```,"[""It makes all operations on the variable atomic"", ""It prevents the variable from being garbage collected"", ""It ensures changes to the variable are visible to all threads immediately"", ""It locks the variable so only one thread can access it at a time""]",It ensures changes to the variable are visible to all threads immediately,"[""hard""]"
Java Concurrency & Modern Features,Programming,"java,concurrency,streams,java8","Which `CompletableFuture` method should you use to transform a result asynchronously and return a new CompletableFuture? ```java CompletableFuture future = CompletableFuture.supplyAsync(() -> ""hello""); // Goal: asynchronously convert to uppercase ```","[""thenApply(String::toUpperCase)"", ""thenCompose(s -> s.toUpperCase())"", ""thenAccept(s -> s.toUpperCase())"", ""thenRun(() -> \""HELLO\"")""]",thenApply(String::toUpperCase),"[""hard""]"
Java Concurrency & Modern Features,Programming,"java,concurrency,streams,java8",What advantage does `ReentrantLock` offer over the `synchronized` keyword? ```java ReentrantLock lock = new ReentrantLock(); lock.lock(); try { // critical section } finally { lock.unlock(); } ```,"[""It is faster than synchronized in all scenarios"", ""It supports tryLock(), interruptible locking, and fairness policies"", ""It automatically releases the lock if an exception occurs"", ""It allows locking across multiple JVM instances""]","It supports tryLock(), interruptible locking, and fairness policies","[""hard""]"
Java Concurrency & Modern Features,Programming,"java,concurrency,streams,java8","Which statement about Java Records (Java 16+) is true? ```java record Point(int x, int y) {} ```","[""Records can be extended by other records to add more fields"", ""Record fields are mutable by default and can be changed after creation"", ""Records replace all uses of classes and can have mutable state"", ""Records are implicitly final with auto-generated equals(), hashCode(), and accessor methods""]","Records are implicitly final with auto-generated equals(), hashCode(), and accessor methods","[""hard""]"
Java Concurrency & Modern Features,Programming,"java,concurrency,streams,java8","What does this sealed class hierarchy permit? ```java public sealed class Shape permits Circle, Rectangle {} public final class Circle extends Shape { } public non-sealed class Rectangle extends Shape { } ```","[""Any class in the same module can extend Shape freely"", ""Only Circle and Rectangle can extend Shape; Circle cannot be extended, but Rectangle can be"", ""Neither Circle nor Rectangle can be extended further"", ""The sealed keyword is only for documentation and has no compile-time effect""]","Only Circle and Rectangle can extend Shape; Circle cannot be extended, but Rectangle can be","[""hard""]"
Java Concurrency & Modern Features,Programming,"java,concurrency,streams,java8","What does this pattern matching code (Java 17+) print? ```java Object obj = ""Hello World""; if (obj instanceof String s && s.length() > 5) { System.out.println(s.toUpperCase()); } else { System.out.println(""short""); } ```","[""Hello World"", ""short"", ""A ClassCastException is thrown"", ""HELLO WORLD""]",HELLO WORLD,"[""hard""]"
Python OOP & Decorators,Python,python,When does the code inside `if __name__ == '__main__':` execute?,"[""Every time the module is imported"", ""Only when the file is run as the main script, not when imported"", ""Only when the file is imported, not when run directly"", ""Only when running in debug mode""]","Only when the file is run as the main script, not when imported","[""easy""]"
Python OOP & Decorators,Python,python,What is the purpose of `__init__.py` in a Python package directory?,"[""It defines the main entry point for the package"", ""It is required for Python to recognize the directory as a package and can contain package initialization code"", ""It lists all modules that should be compiled to bytecode"", ""It prevents the package from being imported by external code""]",It is required for Python to recognize the directory as a package and can contain package initialization code,"[""medium""]"
Python OOP & Decorators,Python,python,What is the output of this code? ```python # file: mymodule.py from collections import OrderedDict import sys print('collections' in sys.modules) print('collections.abc' in dir()) ```,"[""False then False"", ""True then True"", ""True then False"", ""False then True""]",True then False,"[""hard""]"
Python OOP & Decorators,Python,python,Which command installs a specific version of a package using pip? ```bash # Install version 2.28.0 of the requests library ```,"[""pip install requests@2.28.0"", ""pip install requests:2.28.0"", ""pip install requests --version 2.28.0"", ""pip install requests==2.28.0""]",pip install requests==2.28.0,"[""easy""]"
Python OOP & Decorators,Python,python,"What is the output of this code? ```python try: x = int('abc') except ValueError as e: print('caught:', type(e).__name__) finally: print('done') ```","[""caught: ValueError"", ""caught: ValueError then done"", ""done"", ""caught: TypeError then done""]",caught: ValueError then done,"[""medium""]"
Python OOP & Decorators,Python,python,What is the output of this code with nested exception handling? ```python try: try: raise ValueError('inner') except TypeError: print('caught type error') finally: print('inner finally') except ValueError: print('caught value error') finally: print('outer finally') ```,"[""inner finally, caught value error, outer finally"", ""caught type error, inner finally, outer finally"", ""caught value error, outer finally"", ""inner finally, outer finally""]","inner finally, caught value error, outer finally","[""hard""]"
Python OOP & Decorators,Python,python,Which of the following correctly defines a custom exception class in Python? ```python # Which pattern is correct? ```,"[""class MyError(BaseException): pass"", ""class MyError(Exception): pass"", ""class MyError(Error): pass"", ""class MyError: raise Exception""]",class MyError(Exception): pass,"[""medium""]"
Python OOP & Decorators,Python,python,"What does the `assert` statement do in this code when `x` is negative? ```python def sqrt(x): assert x >= 0, f'Expected non-negative, got {x}' return x ** 0.5 sqrt(-4) ```","[""Returns None"", ""Raises a ValueError"", ""Raises an AssertionError with the message 'Expected non-negative, got -4'"", ""Prints a warning and returns 0""]","Raises an AssertionError with the message 'Expected non-negative, got -4'","[""medium""]"
Python OOP & Decorators,Python,python,"What is the output of this code using a context manager? ```python class ManagedResource: def __enter__(self): print('acquiring') return self def __exit__(self, exc_type, exc_val, exc_tb): print('releasing') return False with ManagedResource() as r: print('using') raise ValueError('oops') ```","[""acquiring, using, releasing (no exception)"", ""acquiring, using (ValueError raised, no releasing)"", ""acquiring, using, releasing, then ValueError propagates"", ""acquiring, releasing, using""]","acquiring, using, releasing, then ValueError propagates","[""hard""]"
Graph Algorithms,Programming,"algorithms,graphs,bfs,dfs,shortest-path",You need to find the shortest path (fewest edges) from node A to node B in an unweighted graph. Which algorithm should you use?,"[""Breadth-First Search (BFS)"", ""Depth-First Search (DFS)"", ""Bellman-Ford algorithm"", ""Prim's algorithm""]",Breadth-First Search (BFS),"[""medium""]"
Graph Algorithms,Programming,"algorithms,graphs,bfs,dfs,shortest-path","During a DFS traversal of a directed graph, you encounter an edge (u, v) where v is currently on the recursion stack (in the GRAY/visiting state). What does this indicate?","[""The graph has a topological ordering that includes this edge"", ""The graph contains a cycle involving this edge"", ""Node v is a tree edge in the DFS forest"", ""The graph is bipartite""]",The graph contains a cycle involving this edge,"[""hard""]"
Graph Algorithms,Programming,"algorithms,graphs,bfs,dfs,shortest-path","Dijkstra's algorithm fails to find correct shortest paths when the graph contains negative-weight edges. Consider a graph with nodes A→B (weight 5), A→C (weight 2), C→B (weight −4). What shortest distance to B does Dijkstra report versus the actual shortest?","[""Dijkstra reports 5, actual is −2"", ""Dijkstra reports −2, actual is −2"", ""Dijkstra reports 2, actual is −2"", ""Dijkstra detects the negative edge and throws an error""]","Dijkstra reports 5, actual is −2","[""hard""]"
Graph Algorithms,Programming,"algorithms,graphs,bfs,dfs,shortest-path",What is the time complexity of the Bellman-Ford algorithm for a graph with V vertices and E edges?,"[""O(V log V)"", ""O(E log V)"", ""O(V × E)"", ""O(V²)""]",O(V × E),"[""medium""]"
Graph Algorithms,Programming,"algorithms,graphs,bfs,dfs,shortest-path",You have a DAG (directed acyclic graph) representing course prerequisites. You want to find a valid order to take all courses. Which algorithm produces this ordering?,"[""Kruskal's algorithm"", ""Dijkstra's algorithm"", ""Floyd-Warshall algorithm"", ""Topological sort""]",Topological sort,"[""medium""]"
Graph Algorithms,Programming,"algorithms,graphs,bfs,dfs,shortest-path",You are building a network of cables to connect 8 offices with minimum total cable length. You have a weighted graph of all possible connections. Both Prim's and Kruskal's algorithms can solve this. When would Kruskal's likely outperform Prim's?,"[""When the graph is dense (many edges between offices)"", ""When the graph is sparse (offices have few possible connections)"", ""When all edge weights are equal"", ""When the graph contains negative weights""]",When the graph is sparse (offices have few possible connections),"[""hard""]"
Graph Algorithms,Programming,"algorithms,graphs,bfs,dfs,shortest-path","A graph has 1,000 vertices and 5,000 edges. You need to store it and frequently check whether an edge exists between two specific vertices. Which representation is more space-efficient AND supports fast edge lookups?","[""Adjacency list with hash-set neighbors — O(V+E) space with O(1) expected edge lookup"", ""Adjacency list with sorted neighbor arrays"", ""Adjacency matrix — O(1) lookup justifies the space cost"", ""Edge list sorted by source vertex""]",Adjacency list with hash-set neighbors — O(V+E) space with O(1) expected edge lookup,"[""hard""]"
Graph Algorithms,Programming,"algorithms,graphs,bfs,dfs,shortest-path",How can you find the number of connected components in an undirected graph with V vertices and E edges?,"[""Count the number of vertices with degree zero"", ""Run Dijkstra's from every vertex and check distances"", ""Count how many times you start a new BFS/DFS from an unvisited vertex"", ""Subtract the number of edges from the number of vertices""]",Count how many times you start a new BFS/DFS from an unvisited vertex,"[""medium""]"
Graph Algorithms,Programming,"algorithms,graphs,bfs,dfs,shortest-path",A graph is bipartite if and only if it contains no odd-length cycles. Which algorithm can you use to test whether a graph is bipartite?,"[""Topological sort — if it succeeds, the graph is bipartite"", ""Find all cycles and check their lengths"", ""Run Kruskal's and check if the MST has even weight"", ""BFS with 2-coloring — assign alternating colors and check for conflicts""]",BFS with 2-coloring — assign alternating colors and check for conflicts,"[""hard""]"
Graph Algorithms,Programming,"algorithms,graphs,bfs,dfs,shortest-path","The A* search algorithm uses a heuristic function h(n) to guide its search. For A* to guarantee finding the optimal path, what property must h(n) satisfy?","[""h(n) must be consistent but can overestimate"", ""h(n) must equal the exact cost to the goal"", ""h(n) must be admissible — it never overestimates the true cost to the goal"", ""h(n) must always return zero for correctness""]",h(n) must be admissible — it never overestimates the true cost to the goal,"[""hard""]"
Sorting & Searching Algorithms,Programming,"algorithms,sorting,searching,complexity","You run bubble sort on an already-sorted array of 1,000 elements with an optimized version that stops early if no swaps occur. How many passes through the array are needed?","[""0 passes — it detects sorted order before starting"", ""1 pass — no swaps occur, so it stops immediately"", ""999 passes — it always needs n−1 passes"", ""1,000 passes — it always needs n passes""]","1 pass — no swaps occur, so it stops immediately","[""easy""]"
Sorting & Searching Algorithms,Programming,"algorithms,sorting,searching,complexity","Selection sort performs the same number of comparisons regardless of whether the input is sorted, reversed, or random. Why?","[""It uses a divide-and-conquer approach that doesn't depend on order"", ""It swaps every pair of elements unconditionally"", ""It always scans the entire unsorted portion to find the minimum, with no early termination"", ""It pre-shuffles the input before sorting""]","It always scans the entire unsorted portion to find the minimum, with no early termination","[""easy""]"
Sorting & Searching Algorithms,Programming,"algorithms,sorting,searching,complexity","Insertion sort is often preferred for small arrays (e.g., n < 20) even over asymptotically faster algorithms. What is the primary reason?","[""Insertion sort is always O(n log n) for small arrays"", ""It uses less memory than any other sorting algorithm"", ""It has very low overhead and constant factors, making it faster in practice for small inputs"", ""It is the only stable sort available""]","It has very low overhead and constant factors, making it faster in practice for small inputs","[""easy""]"
Sorting & Searching Algorithms,Programming,"algorithms,sorting,searching,complexity",Merge sort divides an array of n elements into halves recursively. What is the maximum depth of the recursion tree?,"[""log₂(n)"", ""n"", ""n/2"", ""n log₂(n)""]",log₂(n),"[""easy""]"
Sorting & Searching Algorithms,Programming,"algorithms,sorting,searching,complexity","In quicksort, what happens if you always pick the first element as the pivot and the input array is already sorted in ascending order?","[""It runs in O(n log n) since the array is already sorted"", ""It runs in O(n) since no swaps are needed"", ""It runs in O(n log n) but uses extra memory"", ""It degrades to O(n²) because every partition is maximally unbalanced""]",It degrades to O(n²) because every partition is maximally unbalanced,"[""easy""]"
Sorting & Searching Algorithms,Programming,"algorithms,sorting,searching,complexity","You are searching for a value in a sorted array of 1,000,000 elements using binary search. What is the maximum number of comparisons needed?","[""10"", ""20"", ""100"", ""1,000""]",20,"[""easy""]"
Sorting & Searching Algorithms,Programming,"algorithms,sorting,searching,complexity","When is linear search preferred over binary search, even when the data is sorted?","[""When the array has fewer than about 10 elements, where linear scan overhead is lower"", ""When you need to find all occurrences of a value"", ""When the data is stored on disk rather than in memory"", ""Linear search is never preferred if the data is sorted""]","When the array has fewer than about 10 elements, where linear scan overhead is lower","[""easy""]"
Sorting & Searching Algorithms,Programming,"algorithms,sorting,searching,complexity","Consider the following sorting algorithms: bubble sort, merge sort, quicksort, and selection sort. Which of them are stable by default (equal elements maintain their relative order)?","[""Merge sort and quicksort"", ""Bubble sort and selection sort"", ""Bubble sort and merge sort"", ""All four are stable""]",Bubble sort and merge sort,"[""medium""]"
Sorting & Searching Algorithms,Programming,"algorithms,sorting,searching,complexity",An algorithm sorts an array in O(n log n) worst-case time and uses O(n) extra space. It is also stable. Which algorithm does this describe?,"[""Quicksort"", ""Heap sort"", ""Insertion sort"", ""Merge sort""]",Merge sort,"[""medium""]"
Sorting & Searching Algorithms,Programming,"algorithms,sorting,searching,complexity",You need to sort 10 million integers that range from 0 to 999. Which approach would be most efficient?,"[""Quicksort with random pivot — it's always the fastest general sort"", ""Counting sort — the small value range (0–999) makes it O(n)"", ""Merge sort — guaranteed O(n log n) is best for large inputs"", ""Insertion sort — it works well when many values repeat""]",Counting sort — the small value range (0–999) makes it O(n),"[""medium""]"
Python Data Types & Conversions,Python,python,What is the output of the following code? ```python s = 'hello world' print(s.title().swapcase()) ```,"[""Hello World"", ""HELLO WORLD"", ""hELLO wORLD"", ""hello world""]",hELLO wORLD,"[""medium""]"
Python Data Types & Conversions,Python,python,What does this slice expression return? ```python word = 'Python' print(word[1:4] + word[-2:]) ```,"[""'ython'"", ""'Pytho'"", ""'ythn'"", ""'thon'""]",'ython',"[""medium""]"
Python Data Types & Conversions,Python,python,What is the output of this f-string expression? ```python pi = 3.14159 print(f'{pi:.2f} is approximately {22/7:.4f}') ```,"[""3.14 is approximately 3.1429"", ""3.14159 is approximately 3.142857"", ""3.14 is approximately 3.1428"", ""Raises a ValueError""]",3.14 is approximately 3.1429,"[""medium""]"
Python Data Types & Conversions,Python,python,What does the following code produce? ```python path = r'C:\new\test' print(len(path)) ```,"[""11"", ""9"", ""15"", ""13""]",11,"[""hard""]"
Python Data Types & Conversions,Python,python,"Which expression produces the string `'aaa-bbb-ccc'` from the list `['aaa', 'bbb', 'ccc']`?","[""'-'.join(['aaa', 'bbb', 'ccc'])"", ""['aaa', 'bbb', 'ccc'].join('-')"", ""str.concat(['aaa', 'bbb', 'ccc'], '-')"", ""merge('-', 'aaa', 'bbb', 'ccc')""]","'-'.join(['aaa', 'bbb', 'ccc'])","[""easy""]"
Python Data Types & Conversions,Python,python,"What is the output of this code? ```python nums = [1, 2, 3, 4, 5] nums[1:3] = [20, 30, 40] print(nums) ```","[""[1, 20, 30, 4, 5]"", ""[1, [20, 30, 40], 4, 5]"", ""[1, 20, 30, 40, 4, 5]"", ""Raises a ValueError""]","[1, 20, 30, 40, 4, 5]","[""medium""]"
Python Data Types & Conversions,Python,python,What does this list comprehension produce? ```python result = [x**2 for x in range(6) if x % 2 != 0] print(result) ```,"[""[0, 4, 16]"", ""[1, 4, 9, 16, 25]"", ""[0, 1, 4, 9, 16, 25]"", ""[1, 9, 25]""]","[1, 9, 25]","[""medium""]"
Python Data Types & Conversions,Python,python,"What is printed by this code? ```python a = [1, 2, 3] b = a[:] b.append(4) print(a, b) ```","[""[1, 2, 3, 4] [1, 2, 3, 4]"", ""[1, 2, 3] [1, 2, 3, 4]"", ""[1, 2, 3] [1, 2, 3]"", ""Raises an AttributeError""]","[1, 2, 3] [1, 2, 3, 4]","[""medium""]"
Python Data Types & Conversions,Python,python,"What is the output of this code? ```python matrix = [[i * j for j in range(1, 4)] for i in range(1, 4)] print(matrix[2][1]) ```","[""4"", ""9"", ""3"", ""6""]",6,"[""hard""]"
Python Data Types & Conversions,Python,python,"What does `sorted([3, 1, 2], reverse=True) == [3, 1, 2][::-1]` evaluate to?","[""True"", ""False"", ""Raises a TypeError"", ""Depends on Python version""]",False,"[""hard""]"
"Advanced Kubernetes: Scaling, Networking & Production Patterns",DevOps,"kubernetes,scaling,networking,production",Your team notices that a Deployment's Pods are consuming far more memory than requested but rarely hit CPU limits. Which Kubernetes autoscaler would you recommend to right-size the resource requests automatically?,"[""Vertical Pod Autoscaler (VPA)"", ""Horizontal Pod Autoscaler (HPA)"", ""Cluster Autoscaler"", ""KEDA (Kubernetes Event-Driven Autoscaling)""]",Vertical Pod Autoscaler (VPA),"[""hard""]"
"Advanced Kubernetes: Scaling, Networking & Production Patterns",DevOps,"kubernetes,scaling,networking,production",A NetworkPolicy with an empty podSelector ({}) and a policyType of 'Ingress' with no ingress rules defined is applied to a namespace. What happens to incoming traffic for all Pods in that namespace?,"[""All ingress traffic is allowed because no specific deny rule exists"", ""All ingress traffic is denied to every Pod in the namespace"", ""Only traffic from Pods within the same namespace is allowed"", ""The policy is invalid and will be rejected by the API server""]",All ingress traffic is denied to every Pod in the namespace,"[""hard""]"
"Advanced Kubernetes: Scaling, Networking & Production Patterns",DevOps,"kubernetes,scaling,networking,production","You are deploying a distributed database like Cassandra on Kubernetes. Which workload resource provides stable network identities and ordered, graceful deployment and scaling?","[""Deployment with a PersistentVolumeClaim"", ""DaemonSet with node affinity rules"", ""StatefulSet"", ""Job with parallelism configured""]",StatefulSet,"[""medium""]"
"Advanced Kubernetes: Scaling, Networking & Production Patterns",DevOps,"kubernetes,scaling,networking,production","In a Helm chart, which file defines the default configuration values that templates reference, and that users can override at install time with --set or -f flags?","[""Chart.yaml"", ""templates/deployment.yaml"", ""requirements.yaml"", ""values.yaml""]",values.yaml,"[""medium""]"
"Advanced Kubernetes: Scaling, Networking & Production Patterns",DevOps,"kubernetes,scaling,networking,production","Your API server Pods have a readinessProbe configured, but you notice traffic is still being sent to Pods that are starting up and returning 503 errors. Which scenario most likely explains this behavior?","[""The readinessProbe's initialDelaySeconds is set too high"", ""The readinessProbe endpoint returns HTTP 200 before the app is truly ready to handle requests"", ""The livenessProbe is restarting Pods before readiness is checked"", ""The Service is using externalTrafficPolicy: Local, which bypasses readiness checks""]",The readinessProbe endpoint returns HTTP 200 before the app is truly ready to handle requests,"[""hard""]"
"Advanced Kubernetes: Scaling, Networking & Production Patterns",DevOps,"kubernetes,scaling,networking,production","You need to run a log-collection agent on every node in your cluster, including nodes added in the future. Which workload resource is specifically designed for this use case?","[""Deployment with replica count matching node count"", ""StatefulSet with anti-affinity rules"", ""ReplicaSet with a node-targeting podSelector"", ""DaemonSet""]",DaemonSet,"[""medium""]"
"Advanced Kubernetes: Scaling, Networking & Production Patterns",DevOps,"kubernetes,scaling,networking,production",An HPA is configured with a target CPU utilization of 50%. The Deployment currently has 4 replicas averaging 80% CPU usage. Approximately how many replicas will the HPA scale to?,"[""5 replicas"", ""6 replicas"", ""7 replicas"", ""8 replicas""]",7 replicas,"[""hard""]"
"Advanced Kubernetes: Scaling, Networking & Production Patterns",DevOps,"kubernetes,scaling,networking,production","In a blue-green deployment strategy on Kubernetes, what is the primary mechanism used to switch production traffic from the old version to the new version?","[""Gradually terminating old Pods using maxUnavailable in the rolling update strategy"", ""Updating the container image tag and letting the Deployment controller roll out changes"", ""Switching the Service's label selector to match the new version's Pods"", ""Scaling down the old ReplicaSet to zero while the new one scales up""]",Switching the Service's label selector to match the new version's Pods,"[""hard""]"
"Advanced Kubernetes: Scaling, Networking & Production Patterns",DevOps,"kubernetes,scaling,networking,production",A developer creates a ServiceAccount and binds it to a Role that grants 'get' and 'list' on Pods in the 'staging' namespace. The developer then tries to delete a Pod in production. What happens?,"[""The Pod is deleted because ServiceAccounts have cluster-wide permissions by default"", ""The Pod is deleted but an audit log warning is generated"", ""The request is rejected because the Role only grants read-only access in the staging namespace"", ""The API server returns a 403 Forbidden — the Role grants no permissions outside staging and lacks the delete verb""]",The API server returns a 403 Forbidden — the Role grants no permissions outside staging and lacks the delete verb,"[""hard""]"
"Advanced Kubernetes: Scaling, Networking & Production Patterns",DevOps,"kubernetes,scaling,networking,production","A Pod specification sets resource requests to 256Mi memory and 250m CPU, but does not define any resource limits. In a cluster with LimitRange and ResourceQuota enforcement disabled, what risk does this create?","[""The Pod will be rejected by the scheduler because limits are required"", ""The container can consume unbounded resources, risking node instability and OOM kills of co-located Pods"", ""Kubernetes automatically sets limits equal to requests when limits are omitted"", ""The Pod runs in BestEffort QoS class and will be evicted first under memory pressure""]","The container can consume unbounded resources, risking node instability and OOM kills of co-located Pods","[""hard""]"
Advanced Testing Strategies,Software Engineering,"testing,mutation-testing,ci-cd,advanced","In property-based testing, you write a test that asserts: ""For any list of integers, sorting twice yields the same result as sorting once."" Your framework generates 200 random lists and one fails. What does the framework do next?","[""Re-runs all 200 inputs to confirm reproducibility before reporting"", ""Immediately halts and reports the first failing input as-is"", ""Logs the random seed and skips to the next property under test"", ""Shrinks the failing input to the minimal case that still triggers the failure""]",Shrinks the failing input to the minimal case that still triggers the failure,"[""hard""]"
Advanced Testing Strategies,Software Engineering,"testing,mutation-testing,ci-cd,advanced","Your mutation testing tool reports a 65% mutation score. Upon inspection, you find 40 surviving mutants — most are in your `calculateDiscount()` function where conditionals like `>` were changed to `>=`. What does this specifically indicate?","[""The function has too many code paths and should be refactored into smaller units"", ""The mutation tool is generating equivalent mutants that are semantically identical to the original"", ""Your tests lack boundary-value assertions that would catch off-by-one errors at discount thresholds"", ""Line coverage metrics are inflated because the test framework counts branch entry but not exit""]",Your tests lack boundary-value assertions that would catch off-by-one errors at discount thresholds,"[""hard""]"
Advanced Testing Strategies,Software Engineering,"testing,mutation-testing,ci-cd,advanced","You're implementing Pact contract tests between a React frontend and a Node.js API. The consumer test defines an interaction: `GET /users/42` returns `{ id: 42, name: ""Alice"" }`. Where does verification of this contract happen?","[""In the consumer's test suite by recording and replaying HTTP traffic through a reverse proxy"", ""In the provider's test suite by replaying the pact file against the real API implementation"", ""In a shared integration environment where both services are deployed and tested end-to-end"", ""In a CI pipeline step that compares OpenAPI schemas from both services for structural compatibility""]",In the provider's test suite by replaying the pact file against the real API implementation,"[""hard""]"
Advanced Testing Strategies,Software Engineering,"testing,mutation-testing,ci-cd,advanced","A team notices their Jest snapshot tests break on almost every PR, even for intentional UI changes. Developers habitually run `jest --updateSnapshot` without reviewing diffs. Which practice would most effectively restore the value of snapshot testing?","[""Switch to focused inline snapshots that capture only the critical rendered output rather than entire component trees"", ""Add a CI check that blocks merging whenever any snapshot file changes"", ""Move snapshot files into a separate repository so changes require a dedicated review process"", ""Configure Jest to auto-update snapshots on the main branch so developers never see snapshot failures""]",Switch to focused inline snapshots that capture only the critical rendered output rather than entire component trees,"[""hard""]"
Advanced Testing Strategies,Software Engineering,"testing,mutation-testing,ci-cd,advanced","Your visual regression testing pipeline uses Chromatic with Storybook. A component renders a timestamp that changes every test run, causing constant false positives. How should you handle this without reducing test coverage?","[""Add a CSS rule that sets `visibility: hidden` on timestamp elements during visual test runs"", ""Configure the visual diff tool to ignore the entire region where timestamps appear"", ""Replace the timestamp component with a static placeholder string in the test environment"", ""Use a Storybook decorator to inject a fixed date so the component renders deterministically while still exercising its formatting logic""]",Use a Storybook decorator to inject a fixed date so the component renders deterministically while still exercising its formatting logic,"[""hard""]"
Advanced Testing Strategies,Software Engineering,"testing,mutation-testing,ci-cd,advanced","Consider this test setup: ```javascript const emailService = { send: jest.fn().mockResolvedValue({ id: '123' }) }; const logger = { info: jest.fn(), error: jest.fn() }; await registerUser(emailService, logger); expect(emailService.send).toHaveBeenCalledWith(expect.objectContaining({ to: 'user@test.com' })); ``` Using Gerard Meszaros' xUnit test patterns taxonomy, `emailService` is best classified as a:","[""Stub — it provides canned responses to calls made during the test"", ""Fake — it is a lightweight working implementation used for testing"", ""Mock — it returns predefined values and is verified for expected interactions"", ""Spy — it wraps the real implementation and records calls without replacing behavior""]",Mock — it returns predefined values and is verified for expected interactions,"[""hard""]"
Advanced Testing Strategies,Software Engineering,"testing,mutation-testing,ci-cd,advanced","You're refactoring a legacy class that creates its own database connection internally: ```python class OrderService: def __init__(self): self.db = psycopg2.connect(host='prod-db', ...) ``` Which refactoring most improves testability while following dependency injection principles?","[""Add a `set_db()` method so tests can swap the connection after construction"", ""Accept the database connection as a constructor parameter so tests can inject a fake or in-memory database"", ""Use `unittest.mock.patch` to monkey-patch `psycopg2.connect` in every test module"", ""Create a global `DATABASE_URL` environment variable and read it in the constructor""]",Accept the database connection as a constructor parameter so tests can inject a fake or in-memory database,"[""hard""]"
Advanced Testing Strategies,Software Engineering,"testing,mutation-testing,ci-cd,advanced","You have an async function that fetches data, processes it, then writes results — each step can fail independently. A test verifies the retry logic: after 2 transient failures, the 3rd attempt succeeds. Which approach correctly tests this without flakiness?","[""Mock the dependency to reject twice then resolve, use fake timers to advance past retry delays, and await the final result"", ""Set a short real timeout of 50ms between retries and use `setTimeout` callbacks to assert between each attempt"", ""Run the function against a real endpoint configured to fail twice, using `waitFor` with a generous timeout"", ""Spawn the async function in a worker thread and poll its status from the main test thread every 10ms""]","Mock the dependency to reject twice then resolve, use fake timers to advance past retry delays, and await the final result","[""hard""]"
Advanced Testing Strategies,Software Engineering,"testing,mutation-testing,ci-cd,advanced","In a CI/CD pipeline, you want to optimize a test suite that takes 45 minutes. You have unit tests (2 min), integration tests (15 min), and E2E tests (28 min). Which pipeline architecture gives the fastest feedback while maintaining safety?","[""Run all three test types in parallel from the start to minimize total pipeline duration"", ""Run only unit tests on PRs, defer integration and E2E tests to a nightly scheduled pipeline"", ""Run unit tests first as a fast gate, then run integration and E2E tests in parallel if unit tests pass"", ""Run E2E tests first since they catch the most user-facing bugs, then backfill with unit tests""]","Run unit tests first as a fast gate, then run integration and E2E tests in parallel if unit tests pass","[""hard""]"
Advanced Testing Strategies,Software Engineering,"testing,mutation-testing,ci-cd,advanced","Your test suite requires a database with 50 interrelated tables of seed data. Tests frequently fail due to stale or conflicting test data. Which test data management strategy best balances isolation, speed, and maintainability?","[""Maintain a single shared seed script and run tests sequentially to avoid data conflicts"", ""Use per-test transaction rollback combined with factory functions that create only the minimal data each test requires"", ""Clone the production database into each CI runner before every test run for maximum realism"", ""Generate all test data randomly at runtime using faker libraries to maximize scenario diversity""]",Use per-test transaction rollback combined with factory functions that create only the minimal data each test requires,"[""hard""]"
"PHP Programming Quiz: Syntax, Functions, Arrays & OOP Basics",Programming,"php,oop,arrays,functions",What will the following PHP code output? ```php $x = 10; $y = '10'; var_dump($x === $y); ```,"[""bool(true)"", ""bool(false)"", ""1"", ""A fatal error is thrown""]",bool(false),"[""easy""]"
"PHP Programming Quiz: Syntax, Functions, Arrays & OOP Basics",Programming,"php,oop,arrays,functions","You need to merge two associative arrays in PHP where both contain the key `'name'`. Which behavior does `array_merge($a, $b)` exhibit for that duplicate key?","[""The value from $b overwrites the value from $a"", ""The value from $a is kept and $b's value is discarded"", ""Both values are stored under the same key as a nested array"", ""PHP throws an InvalidArgumentException""]",The value from $b overwrites the value from $a,"[""medium""]"
"PHP Programming Quiz: Syntax, Functions, Arrays & OOP Basics",Programming,"php,oop,arrays,functions",Which PHP string function would you use to find the position of the first occurrence of a case-insensitive substring within a string?,"[""strpos()"", ""strrpos()"", ""stripos()"", ""str_contains()""]",stripos(),"[""easy""]"
"PHP Programming Quiz: Syntax, Functions, Arrays & OOP Basics",Programming,"php,oop,arrays,functions",Consider the following PHP class hierarchy: ```php class Animal { protected string $sound = 'silence'; public function speak(): string { return $this->sound; } } class Dog extends Animal { protected string $sound = 'bark'; } ``` What does `(new Dog())->speak()` return?,"[""silence"", ""An error because speak() is not defined in Dog"", ""null"", ""bark""]",bark,"[""medium""]"
"PHP Programming Quiz: Syntax, Functions, Arrays & OOP Basics",Programming,"php,oop,arrays,functions",A class implements two interfaces that each declare a method called `render()`. What happens when the class provides a single implementation of `render()`?,"[""PHP throws a fatal error due to ambiguous method resolution"", ""The single implementation satisfies both interfaces"", ""Only the first interface's contract is fulfilled"", ""You must use a trait to resolve the conflict""]",The single implementation satisfies both interfaces,"[""medium""]"
"PHP Programming Quiz: Syntax, Functions, Arrays & OOP Basics",Programming,"php,oop,arrays,functions",You see this at the top of a PHP file: ```php namespace App\Services; use App\Models\User; ``` How would you reference the `User` class later in the same file?,"[""\\App\\Models\\User only"", ""App\\Models\\User only"", ""User"", ""Services\\User""]",User,"[""easy""]"
"PHP Programming Quiz: Syntax, Functions, Arrays & OOP Basics",Programming,"php,oop,arrays,functions",Which PHP construct should you use to catch multiple exception types in a single catch block (PHP 8+)?,"[""catch (TypeError, ValueError $e)"", ""catch (TypeError & ValueError $e)"", ""catch (TypeError || ValueError $e)"", ""catch (TypeError | ValueError $e)""]",catch (TypeError | ValueError $e),"[""medium""]"
"PHP Programming Quiz: Syntax, Functions, Arrays & OOP Basics",Programming,"php,oop,arrays,functions","A form sends data via POST. Inside your PHP script, which approach correctly checks if the `email` field was submitted and is not empty?","[""if (!empty($_POST['email']))"", ""if (isset($_POST['email']))"", ""if ($_REQUEST['email'] !== '')"", ""if ($_GET['email'] != null)""]",if (!empty($_POST['email'])),"[""medium""]"
"PHP Programming Quiz: Syntax, Functions, Arrays & OOP Basics",Programming,"php,oop,arrays,functions","When using PDO to execute a parameterized query, which method do you call to bind values and execute the statement safely? ```php $stmt = $pdo->prepare('SELECT * FROM users WHERE id = :id'); ```","[""$pdo->query([':id' => $value])"", ""$stmt->bindColumn(':id', $value) then $stmt->run()"", ""$stmt->execute([':id' => $value])"", ""$pdo->exec('SELECT * FROM users WHERE id = ' . $value)""]",$stmt->execute([':id' => $value]),"[""medium""]"
"PHP Programming Quiz: Syntax, Functions, Arrays & OOP Basics",Programming,"php,oop,arrays,functions","After running `composer require monolog/monolog`, where does Composer record the exact installed version so that other developers get the same dependency tree?","[""composer.json under the 'locked' key"", ""vendor/composer/installed.json"", ""The autoload_classmap.php file"", ""composer.lock""]",composer.lock,"[""easy""]"
TypeScript Type System Fundamentals,Programming,"typescript,types,interfaces,basics",What is the inferred type of `result` in the following code? ```ts const result = 42; ```,"[""number"", ""42"", ""any"", ""int""]",42,"[""easy""]"
TypeScript Type System Fundamentals,Programming,"typescript,types,interfaces,basics",Which of the following correctly defines an interface with an optional property `age` and a required property `name`?,"[""interface User { name: string; age?: number; }"", ""interface User { name: string; age: number | undefined; }"", ""interface User { name: string; optional age: number; }"", ""interface User { name: string; age: number = 0; }""]",interface User { name: string; age?: number; },"[""easy""]"
TypeScript Type System Fundamentals,Programming,"typescript,types,interfaces,basics","What does the following union type allow? ```ts type Status = ""loading"" | ""success"" | ""error""; ```","[""Any string value"", ""An array containing all three strings"", ""Only the exact strings \""loading\"", \""success\"", or \""error\"""", ""An object with three boolean properties""]","Only the exact strings ""loading"", ""success"", or ""error""","[""easy""]"
TypeScript Type System Fundamentals,Programming,"typescript,types,interfaces,basics",What is the key difference between `interface` and `type` alias in TypeScript?,"[""Type aliases can describe objects but interfaces cannot"", ""Interfaces can be extended but type aliases cannot"", ""Interfaces support declaration merging while type aliases do not"", ""Interfaces support declaration merging, while type aliases can represent unions and primitives""]","Interfaces support declaration merging, while type aliases can represent unions and primitives","[""easy""]"
TypeScript Type System Fundamentals,Programming,"typescript,types,interfaces,basics","What will TypeScript report as the type of `value` inside the `if` block? ```ts function process(value: string | number) { if (typeof value === ""string"") { // What is the type of value here? } } ```","[""string | number"", ""any"", ""unknown"", ""string""]",string,"[""easy""]"
TypeScript Type System Fundamentals,Programming,"typescript,types,interfaces,basics",Which of these correctly defines a readonly array that cannot be modified after creation?,"[""const arr: number[] = [1, 2, 3];"", ""let arr: readonly number[] = [1, 2, 3];"", ""let arr: frozen number[] = [1, 2, 3];"", ""let arr: immutable number[] = [1, 2, 3];""]","let arr: readonly number[] = [1, 2, 3];","[""easy""]"
TypeScript Type System Fundamentals,Programming,"typescript,types,interfaces,basics","What is the resulting type of accessing a tuple element at a specific index? ```ts type MyTuple = [string, number, boolean]; type Second = MyTuple[1]; ```","[""number"", ""boolean"", ""string"", ""string | number | boolean""]",number,"[""easy""]"
TypeScript Type System Fundamentals,Programming,"typescript,types,interfaces,basics","Given the following enum, what is the value of `Direction.Down`? ```ts enum Direction { Up = 1, Down, Left, Right } ```","[""0"", ""1"", ""\""Down\"""", ""2""]",2,"[""easy""]"
TypeScript Type System Fundamentals,Programming,"typescript,types,interfaces,basics","What happens when you try to compile the following TypeScript code? ```ts interface Config { readonly host: string; readonly port: number; } const config: Config = { host: ""localhost"", port: 3000 }; config.port = 8080; ```","[""It compiles and runs successfully, setting port to 8080"", ""It throws a runtime error when assigning to port"", ""It produces a compile-time error because port is readonly"", ""It silently ignores the assignment and port remains 3000""]",It produces a compile-time error because port is readonly,"[""easy""]"
TypeScript Type System Fundamentals,Programming,"typescript,types,interfaces,basics","What type does TypeScript infer for the variable `items` in this code? ```ts let items = [1, ""hello"", true]; ```","[""(string | number | boolean)[]"", ""[number, string, boolean]"", ""any[]"", ""unknown[]""]",(string | number | boolean)[],"[""easy""]"
"Swift Programming Quiz: Optionals, Protocols & iOS Development Basics",Programming,"swift,optionals,protocols,ios","You have `let name: String? = nil`. Which of the following safely provides a default value of `""Guest""` without risking a runtime crash?","[""let display = name ?? \""Guest\"""", ""let display = name! ?? \""Guest\"""", ""let display = name as! String"", ""let display = String(name)""]","let display = name ?? ""Guest""","[""easy""]"
"Swift Programming Quiz: Optionals, Protocols & iOS Development Basics",Programming,"swift,optionals,protocols,ios","Inside a function, you write `guard let user = fetchUser() else { return }`. What happens if `fetchUser()` returns `nil`?","[""The program crashes with a fatal error"", ""The function returns early and code after the guard is skipped"", ""The variable `user` is set to an empty string"", ""The guard block is ignored and execution continues""]",The function returns early and code after the guard is skipped,"[""easy""]"
"Swift Programming Quiz: Optionals, Protocols & iOS Development Basics",Programming,"swift,optionals,protocols,ios","You define `protocol Drawable { func draw() }` and then write `extension Drawable { func draw() { print(""Default shape"") } }`. If a struct conforms to `Drawable` without implementing `draw()`, what happens when you call `draw()` on an instance?","[""A compile-time error because `draw()` is not implemented"", ""A runtime crash due to missing implementation"", ""It prints \""Default shape\"" using the default implementation"", ""It silently does nothing and returns `Void`""]","It prints ""Default shape"" using the default implementation","[""medium""]"
"Swift Programming Quiz: Optionals, Protocols & iOS Development Basics",Programming,"swift,optionals,protocols,ios","Consider this code: ```swift struct Point { var x: Int; var y: Int } var a = Point(x: 1, y: 2) var b = a b.x = 10 ``` What is the value of `a.x` after this code runs?","[""10, because structs are passed by reference"", ""An error, because structs are immutable"", ""0, because `x` is reset on copy"", ""1, because structs are value types and `b` is an independent copy""]","1, because structs are value types and `b` is an independent copy","[""medium""]"
"Swift Programming Quiz: Optionals, Protocols & iOS Development Basics",Programming,"swift,optionals,protocols,ios",You define an enum for network responses: ```swift enum NetworkResult { case success(data: Data) case failure(error: String) } ``` Which switch pattern correctly extracts the `data` from a `.success` case?,"[""case .success: let data = NetworkResult.data"", ""case .success(let data): print(data)"", ""case success(data): print(data)"", ""case .success { data in print(data) }""]",case .success(let data): print(data),"[""medium""]"
"Swift Programming Quiz: Optionals, Protocols & iOS Development Basics",Programming,"swift,optionals,protocols,ios","What does the following closure-based code print? ```swift let numbers = [3, 1, 4, 1, 5] let result = numbers.filter { $0 > 2 }.map { $0 * 10 } print(result) ```","[""[30, 10, 40, 10, 50]"", ""[3, 4, 5]"", ""[30, 40, 50]"", ""[10, 40, 50]""]","[30, 40, 50]","[""medium""]"
"Swift Programming Quiz: Optionals, Protocols & iOS Development Basics",Programming,"swift,optionals,protocols,ios","You write a function that can throw errors: ```swift func loadFile(name: String) throws -> String { ... } ``` Which calling pattern converts the throwing function's result into an optional, returning `nil` on failure instead of propagating the error?","[""let content = try! loadFile(name: \""data.txt\"")"", ""let content = try loadFile(name: \""data.txt\"") catch { nil }"", ""let content = loadFile(name: \""data.txt\"") ?? nil"", ""let content = try? loadFile(name: \""data.txt\"")""]","let content = try? loadFile(name: ""data.txt"")","[""medium""]"
"Swift Programming Quiz: Optionals, Protocols & iOS Development Basics",Programming,"swift,optionals,protocols,ios","You write a generic function: ```swift func findIndex(of value: T, in array: [T]) -> Int? { ... } ``` Why is the `Equatable` constraint on `T` necessary here?","[""It allows `T` to be compared with `==`, which is needed to find a matching element"", ""It ensures `T` conforms to `Hashable` so it can be used in a dictionary"", ""It allows `T` to be sorted so binary search can be used"", ""It prevents `T` from being an optional type""]","It allows `T` to be compared with `==`, which is needed to find a matching element","[""hard""]"
"Swift Programming Quiz: Optionals, Protocols & iOS Development Basics",Programming,"swift,optionals,protocols,ios","Consider this class with a property observer: ```swift class Thermostat { var temperature: Double = 68.0 { willSet { print(""Changing from \(temperature) to \(newValue)"") } didSet { if temperature > 100 { temperature = 100 } } } } ``` If you set `thermostat.temperature = 120`, what is the final value of `temperature`?","[""120, because `didSet` cannot modify the property it observes"", ""68.0, because the assignment is rejected by `willSet`"", ""100, because `didSet` clamps the value and reassignment inside `didSet` is allowed"", ""A runtime error due to infinite recursion between observers""]","100, because `didSet` clamps the value and reassignment inside `didSet` is allowed","[""hard""]"
"Swift Programming Quiz: Optionals, Protocols & iOS Development Basics",Programming,"swift,optionals,protocols,ios","In SwiftUI, you have a view with `@State private var count = 0` and a `Button` that increments `count`. Which statement best describes why `@State` is required here instead of a plain `var`?","[""`@State` makes the variable thread-safe for concurrent access"", ""`@State` is syntactic sugar that has no functional difference from `var`"", ""`@State` prevents other views from reading the variable"", ""`@State` lets SwiftUI manage the storage so it persists across view re-renders and triggers UI updates""]",`@State` lets SwiftUI manage the storage so it persists across view re-renders and triggers UI updates,"[""medium""]"
